id,region_id,lat,lng,title
100662114,2490,44.320000,24.730000,Ghioca
100662118,2481,47.830000,26.280000,Zvoriştea
100662128,2489,45.450000,21.960000,Zorlenţu Mare
100662130,2491,46.270000,27.720000,Zorleni
100662161,2495,46.120000,23.220000,Zlatna
100662187,2500,43.670000,25.370000,Zimnicea
100662197,2472,46.280000,21.400000,Zimandu Nou
100662204,2477,45.300000,27.080000,Ziduri
100662217,2501,46.380000,25.370000,Zetea
100662225,2471,46.580000,26.420000,Zemeş
100662254,2493,45.520000,22.420000,Zăvoi
100662259,2469,44.950000,27.480000,Zăvoaia
100662274,2480,44.770000,23.850000,Zătreni
100662285,2477,45.300000,26.870000,Zărneşti
100662302,2491,46.750000,27.650000,Zăpodeni
100662315,2483,46.820000,26.550000,Zăneşti
100662317,2481,47.870000,26.200000,Zamostea
100662327,2493,46.000000,22.450000,Zam
100662334,2496,47.200000,23.050000,Zalău
100662349,2488,47.330000,24.280000,Zagra
100662352,2497,45.770000,26.120000,Zagon
100662366,2472,46.070000,21.550000,Zăbrani
100662373,2497,45.900000,26.180000,Zăbala
100662379,2495,46.000000,23.470000,Vurpăr
100662382,2482,45.620000,27.420000,Vulturu de Sus
100662394,2481,47.520000,26.450000,Vultureşti
100662397,2490,44.730000,24.320000,Vultureşti
100662424,2487,45.080000,25.380000,Vulcana Băi
100662431,2466,45.630000,25.420000,Vulcan
100662432,2493,45.380000,23.270000,Vulcan
100662437,2482,45.850000,26.730000,Vrâncioaia
100662463,2478,47.550000,26.600000,Vorona Teodoru
100662473,2478,47.980000,26.670000,Vorniceni
100662476,2502,44.470000,26.130000,Voluntari
100662478,2481,47.820000,25.900000,Volovăţ
100662508,2462,45.470000,21.240000,Voiteg
100662516,2467,47.070000,27.420000,Voineşti
100662518,2491,46.570000,27.420000,Voineşti
100662521,2487,45.070000,25.250000,Voineşti
100662533,2466,45.820000,24.850000,Voila
100662553,2478,47.930000,26.880000,Vlăsineşti
100662570,2501,46.350000,25.520000,Vlăhiţa
100662598,2485,44.830000,23.570000,Vladimir
100662600,2472,46.150000,21.400000,Vladimirescu
100662635,2478,47.720000,26.520000,Vlădeni
100662636,2467,47.420000,27.330000,Vlădeni
100662651,2469,45.020000,27.700000,Viziru
100662655,2482,45.980000,26.780000,Vizantea Mănăstirească
100662668,2500,44.000000,25.420000,Vităneşti
100662695,2487,44.580000,25.330000,Vişina
100662697,2490,43.870000,24.450000,Vişina
100662699,2476,47.720000,24.430000,Vişeu de Sus
100662702,2476,47.730000,24.370000,Vişeu de Jos
100662709,2469,45.150000,27.280000,Vişani
100662717,2463,44.230000,23.630000,Vârvor
100662731,2500,44.180000,25.200000,Vîrtoapele de Jos
100662769,2472,46.320000,22.520000,Vârfurile
100662787,2477,45.230000,26.470000,Vipereşti
100662801,2477,45.470000,26.720000,Vintilă Vodă
100662805,2484,44.430000,22.870000,Vânju-Mare
100662807,2484,44.440000,22.790000,Vânjuleţ
100662811,2472,46.020000,21.200000,Vinga
100662820,2491,46.150000,27.800000,Vinderei
100662822,2483,47.200000,26.320000,Vânători-Neamț
100662824,2494,44.490000,25.560000,Vânătorii Mici
100662837,2467,47.230000,27.530000,Vînători
100662840,2475,46.230000,24.930000,Vînători
100662841,2482,45.730000,27.250000,Vînători
100662842,2465,45.530000,28.020000,Vînători
100662844,2484,44.240000,22.930000,Vânători
100662884,2497,45.850000,25.680000,Vâlcele
100662918,2471,46.930000,26.230000,Viişoara
100662920,2463,46.550000,23.920000,Viişoara
100662921,2482,46.380000,27.880000,Viişoara
100662936,2479,47.670000,22.950000,Viile Satu Mare
100662970,2482,45.920000,26.900000,Vidra
100662971,2502,44.260000,26.170000,Vidra
100662976,2500,44.280000,25.520000,Videle
100662979,2462,45.640000,21.890000,Victor Vlad Delamarina
100662985,2478,47.280000,27.580000,Victoria
100662988,2469,44.820000,27.620000,Victoria
100662992,2481,47.930000,25.680000,Vicovu de Sus
100662994,2481,47.900000,25.730000,Vicovu de Jos
100663014,2479,47.800000,22.770000,Vetiş
100663018,2493,45.900000,22.820000,Veţel
100663035,2477,45.220000,26.730000,Verneşti
100663040,2489,45.520000,21.660000,Vermeş
100663042,2490,44.650000,24.320000,Verguleasa
100663045,2481,47.600000,26.430000,Vereşti
100663086,2473,44.780000,24.620000,Vedea
100663087,2500,44.080000,25.070000,Vedea
100663088,2494,43.780000,25.780000,Vedea
100663098,2481,47.650000,25.570000,Vatra Moldoviţei
100663100,2481,47.350000,25.370000,Vatra Dornei
100663111,2493,46.180000,22.600000,Vaţa de Jos
100663118,2491,46.630000,27.730000,Vaslui
100663128,2492,44.290000,26.450000,Vasilaţi
100663135,2470,46.470000,22.470000,Vaşcău
100663171,2462,46.020000,20.950000,Variaş
100663178,2468,45.180000,25.950000,Vărbilău
100663197,2494,44.240000,26.250000,Vărăşti
100663205,2472,46.020000,22.150000,Vărădia de Mureş
100663226,2479,47.830000,23.400000,Vama
100663227,2481,47.570000,25.680000,Vama
100663234,2464,44.170000,28.470000,Valu lui Traian
100663256,2468,45.180000,26.030000,Vălenii de Munte
100663261,2487,45.170000,25.180000,Văleni- Dîmboviţa
100663297,2490,44.230000,24.780000,Văleni
100663331,2483,46.820000,27.080000,Valea Ursului
100663386,2463,43.980000,23.870000,Valea Stanciului
100663548,2486,45.030000,28.930000,Valea Nucarilor
100663575,2481,47.470000,26.030000,Valea Moldovei
100663634,2490,44.670000,24.000000,Valea Mare
100663636,2480,44.470000,24.430000,Valea Mare
100663692,2470,47.520000,22.150000,Valea lui Mihai
100663733,2473,45.180000,24.720000,Valea Iaşului
100663777,2494,44.210000,26.300000,Valea Dragului
100663798,2473,45.180000,24.650000,Valea Danului
100663813,2497,45.920000,25.770000,Valea Crişului
100663863,2468,44.970000,26.150000,Valea Călugărească
100663926,2492,44.350000,26.780000,Valea Argovei
100663950,2496,47.120000,22.730000,Valcău de Jos
100663968,2480,45.170000,23.930000,Vaideeni
100663976,2485,44.720000,23.080000,Văgiuleşti
100663996,2477,45.170000,26.900000,Vadu Paşii
100664003,2481,47.380000,26.370000,Vadu Moldovei
100664006,2470,47.930000,23.880000,Vadu Izei
100664011,2470,46.980000,22.520000,Vadu Crişului
100664020,2469,45.370000,27.930000,Vădeni
100664022,2490,43.850000,24.330000,Vădăstriţa
100664024,2490,43.870000,24.370000,Vădastra
100664041,2487,44.850000,25.480000,Văcăreşti
100664069,2463,44.020000,23.550000,Urzicuţa
100664074,2499,44.720000,26.630000,Urziceni
100664150,2468,44.980000,26.230000,Urlaţi
100664152,2488,47.200000,24.050000,Uriu
100664163,2493,45.330000,23.150000,Uricani
100664169,2471,46.130000,27.080000,Urecheşti
100664170,2482,45.600000,27.070000,Urecheşti
100664175,2483,47.170000,26.520000,Urecheni
100664184,2485,44.800000,23.300000,Urdari
100664193,2478,47.800000,26.780000,Unţeni
100664204,2492,44.270000,27.630000,Unirea
100664205,2463,44.150000,23.180000,Unirea
100664215,2478,47.880000,26.780000,Ungureni-Jianu
100664226,2471,46.520000,26.950000,Ungureni
100664261,2476,47.120000,24.050000,Unguraş
100664266,2467,47.200000,27.780000,Ungheni
100664271,2475,46.480000,24.470000,Ungheni
100664273,2473,44.500000,24.970000,Ungheni
100664281,2465,45.720000,27.470000,Umbrăreşti
100664286,2469,44.950000,27.320000,Ulmu
100664294,2487,44.900000,25.500000,Ulmi
100664295,2494,44.490000,25.780000,Ulmi
100664311,2476,47.470000,23.300000,Ulmeni
100664312,2477,45.070000,26.650000,Ulmeni
100664314,2492,44.150000,26.720000,Ulmeni
100664329,2487,44.580000,25.420000,Ulieşti
100664344,2462,45.660000,20.910000,Uivar
100664372,2481,47.570000,26.420000,Udeşti
100664397,2464,44.000000,28.630000,Tuzla
100664404,2491,46.120000,27.550000,Tutova
100664425,2479,47.930000,23.080000,Turulung
100664432,2479,47.980000,23.220000,Turţ
100664437,2500,43.750000,24.870000,Turnu Măgurele
100664447,2497,46.030000,26.050000,Turia
100664460,2461,46.570000,23.780000,Turda
100664464,2486,45.120000,28.180000,Turcoaia
100664475,2485,44.680000,23.370000,Turceni
100664481,2485,44.720000,23.520000,Turburea
100664493,2466,45.700000,25.850000,Teliu
100664502,2500,44.550000,26.150000,Tunari
100664505,2465,45.570000,28.030000,Tuluceşti
100664507,2482,45.920000,26.670000,Tulnici
100664511,2501,46.950000,25.770000,Tulgheş
100664518,2486,45.170000,28.800000,Tulcea
100664521,2470,46.780000,21.780000,Tulca
100664534,2463,44.180000,23.820000,Ţuglui
100664539,2469,45.050000,27.820000,Tufeşti
100664544,2490,44.370000,24.780000,Tufeni
100664564,2465,46.010000,28.020000,Suceveni
100664565,2465,45.570000,27.650000,Tudor Vladimirescu
100664566,2469,45.220000,27.800000,Tudor Vladimirescu
100664575,2478,47.520000,26.630000,Tudora
100664578,2478,47.770000,27.020000,Truşeşti
100664591,2500,44.000000,25.000000,Troianul
100664598,2500,44.270000,25.230000,Trivalea-Moşteni
100664602,2461,46.580000,24.000000,Tritenii de Jos
100664609,2467,47.450000,27.520000,Trifeşti
100664610,2483,46.920000,26.820000,Trifeşti
100664677,2483,46.630000,27.030000,Traian
100664680,2469,45.180000,27.730000,Traian
100664686,2486,44.020000,24.450000,Traian
100664716,2462,45.520000,21.490000,Tormac
100664722,2464,44.020000,28.450000,Topraisar
100664724,2494,44.010000,25.650000,Toporu
100664729,2473,44.820000,25.080000,Topoloveni
100664731,2462,45.770000,21.620000,Topolovăţu Mare
100664736,2486,44.880000,28.370000,Topolog
100664755,2477,45.420000,27.000000,Topliceni
100664759,2489,44.800000,22.390000,Topleţ
100664796,2480,45.120000,24.050000,Tomşani
100664797,2468,44.950000,26.280000,Tomşani
100664819,2462,47.120000,27.680000,Tomeşti
100664858,2491,47.700000,26.030000,Todireşti
100664859,2467,47.320000,26.830000,Todireşti
100664860,2491,46.850000,27.370000,Todireşti
100664865,2478,47.620000,27.120000,Todireni
100664891,2487,44.650000,25.530000,Titu
100664902,2473,45.020000,25.000000,Titeşti
100664910,2485,45.050000,22.970000,Tismana
100664922,2477,45.170000,26.520000,Tisău
100664938,2479,47.950000,23.350000,Târșolț
100664957,2472,46.320000,21.800000,Târnova
100664958,2489,45.340000,22.010000,Târnova
100664991,2471,46.270000,26.670000,Târgu Trotuș
100664999,2464,44.450000,28.420000,Târgușor
100665000,2497,46.000000,26.130000,Tîrgu Secuiesc
100665002,2471,46.280000,26.620000,Tîrgu Ocna
100665003,2483,47.200000,26.370000,Tîrgu Neamţ
100665004,2475,46.550000,24.570000,Târgu Mureş
100665010,2485,45.050000,23.280000,Târgu Jiu
100665013,2467,47.200000,27.000000,Târgu Frumos
100665017,2485,44.950000,23.520000,Târgu Cărbunești
100665019,2468,44.870000,25.920000,Târgșoru Vechi
100665024,2487,44.930000,25.450000,Târgovişte
100665050,2477,45.070000,26.870000,Ţinteşti
100665083,2484,44.570000,23.020000,Tâmna
100665087,2462,45.750000,21.230000,Timişoara
100665089,2483,47.230000,26.550000,Timişeşti
100665104,2470,47.070000,22.200000,Tileagd
100665110,2488,47.230000,24.770000,Tiha Bârgăului
100665113,2473,45.130000,24.580000,Tigveni
100665140,2473,43.900000,25.370000,Ţigăneşti
100665145,2484,47.330000,27.470000,Ţigănaşi
100665151,2491,45.850000,27.100000,Ţifeşti
100665168,2485,44.880000,23.400000,Ţicleni
100665176,2469,45.120000,27.900000,Tichileşti
100665182,2483,47.100000,26.530000,Ţibucani
100665193,2467,46.920000,27.330000,Ţibăneşti
100665196,2467,46.980000,27.330000,Ţibana
100665199,2490,43.870000,24.630000,Tia Mare
100665204,2480,44.750000,23.920000,Tetoiu
100665218,2490,44.520000,24.370000,Teslui
100665231,2462,45.940000,20.520000,Teremia Mare
100665235,2489,45.150000,22.280000,Teregova
100665277,2485,45.000000,23.080000,Teleşti
100665290,2468,45.130000,25.780000,Telega
100665304,2488,47.430000,24.400000,Telciu
100665318,2495,46.200000,23.680000,Teiuş
100665337,2468,45.230000,25.980000,Teişani
100665355,2465,45.870000,27.420000,Tecuci
100665359,2464,44.050000,28.600000,Techirghiol
100665371,2488,46.920000,24.520000,Teaca
100665377,2483,46.720000,26.470000,Tazlău
100665382,2476,47.650000,23.480000,Tăuții-Măgherăuș
100665387,2470,47.270000,22.330000,Tăuteu
100665425,2467,47.350000,26.600000,Tătăruşi
100665452,2482,45.520000,27.320000,Tătăranu
100665459,2487,45.000000,25.270000,Tătărani
100665469,2479,47.480000,22.580000,Tăşnad
100665471,2483,46.900000,26.020000,Taşca
100665479,2487,44.580000,25.810000,Tărtăşeşti
100665497,2466,45.630000,25.750000,Tărlungeni
100665521,2483,46.870000,26.130000,Tarcău
100665525,2470,46.630000,22.370000,Tărcaia
100665536,2467,46.920000,27.230000,Tansa
100665540,2499,44.650000,27.670000,Ţăndărei
100665550,2491,46.680000,27.820000,Tanacu
100665556,2471,46.480000,26.980000,Tamaşi
100665568,2483,46.980000,26.930000,Tămăşeni
100665636,2491,46.920000,27.680000,Tăcuta
100665653,2484,44.500000,22.110000,Sviniţa
100665664,2469,45.220000,27.430000,Şuţeşti
100665691,2501,46.670000,25.550000,Suseni
100665700,2473,44.720000,24.950000,Suseni
100665708,2472,44.580000,24.100000,Şuşani
100665729,2496,47.250000,23.350000,Surduc
100665738,2469,45.070000,27.330000,Surdila-Găiseanca
100665752,2474,45.850000,24.170000,Şura Mare
100665754,2465,45.680000,27.400000,Suraia
100665758,2479,47.470000,22.800000,Supuru de Jos
100665767,2470,46.930000,22.530000,Şuncuiuş
100665786,2478,47.650000,26.920000,Suliţa
100665790,2486,45.150000,29.670000,Sulina
100665799,2473,45.250000,24.530000,Şuici
100665809,2478,48.130000,26.420000,Suharău
100665813,2500,43.730000,25.250000,Suhaia
100665820,2495,45.770000,23.630000,Şugag
100665839,2476,47.430000,24.030000,Suciu de Sus
100665850,2481,47.630000,26.250000,Suceava
100665899,2481,47.470000,25.770000,Stulpicani
100665909,2490,43.970000,24.420000,Studina
100665914,2467,47.170000,26.980000,Strunga
100665933,2478,47.620000,26.130000,Stroeşti
100665938,2480,45.080000,23.900000,Stroeşti
100665946,2476,47.780000,24.130000,Strâmtura
100665982,2495,46.220000,23.630000,Stremţ
100665990,2490,44.530000,24.270000,Strejeşti
100665997,2484,44.620000,23.200000,Strehaia
100666007,2482,45.930000,27.050000,Străoane
100666012,2481,47.920000,25.550000,Straja
100666029,2500,43.880000,25.450000,Ștorobăneasa
100666031,2478,47.550000,26.870000,Storeşti
100666035,2473,44.570000,24.780000,Stolnici
100666037,2467,47.200000,26.730000,Stolniceni-Prăjescu
100666048,2485,44.680000,23.630000,Stoina
100666050,2480,44.900000,24.380000,Stoileşti
100666058,2490,44.180000,24.630000,Stoicăneşti
100666067,2473,45.250000,25.170000,Stoeneşti
100666069,2480,45.120000,24.170000,Stoeneşti
100666074,2494,44.140000,25.900000,Stoeneşti
100666085,2478,47.970000,26.780000,Ştiubieni
100666146,2477,45.080000,26.720000,Stâlpu
100666149,2473,45.050000,24.970000,Stâlpeni
100666198,2485,44.770000,23.680000,Stejari
100666217,2478,47.780000,27.180000,Ştefăneşti-Sat
100666223,2460,44.530000,26.200000,Ştefăneştii de Jos
100666235,2473,44.870000,24.930000,Ştefăneşti
100666238,2480,44.620000,24.250000,Ştefăneşti
100666248,2490,46.980000,26.520000,Ştefan cel Mare
100666249,2483,46.720000,27.630000,Ştefan cel Mare
100666263,2478,47.720000,26.750000,Stăuceni
100666271,2468,45.320000,26.180000,Starchiojd
100666284,2471,46.430000,27.300000,Stănişeşti
100666287,2491,46.620000,28.170000,Stănileşti
100666305,2494,43.920000,25.830000,Stăneşti
100666309,2469,44.900000,27.830000,Stăncuţa
100666336,2490,44.080000,24.630000,Sprâncenata
100666385,2492,44.120000,26.780000,Spanţov
100666395,2475,46.580000,25.070000,Sovata
100666399,2484,44.850000,22.790000,Şovarna
100666404,2468,45.220000,25.720000,Şotrile
100666433,2489,44.840000,21.860000,Şopotu Nou
100666443,2495,46.220000,24.020000,Şona
100666451,2486,45.180000,28.670000,Somova
100666467,2496,47.320000,23.270000,Someş-Odorhei
100666475,2476,47.520000,23.470000,Şomcuta Mare
100666480,2475,46.770000,24.770000,Solovăstru
100666483,2471,46.550000,26.520000,Solonţ
100666500,2491,46.770000,27.780000,Soleşti
100666504,2492,44.220000,26.520000,Şoldanu
100666509,2481,47.700000,25.850000,Solca
100666524,2488,45.920000,22.900000,Şoimuş
100666528,2470,46.680000,22.120000,Şoimi
100666533,2468,45.180000,26.200000,Şoimari
100666561,2492,44.320000,26.500000,Sohatu
100666580,2489,44.860000,21.370000,Socol
100666611,2460,44.700000,26.180000,Snagov
100666625,2465,45.480000,27.930000,Smîrdan
100666641,2477,44.980000,26.850000,Smeeni
100666665,2500,43.920000,24.700000,Slobozia Mândra
100666670,2465,45.580000,27.780000,Slobozia Conachi
100666674,2482,45.690168,27.132060,Câmpineanca
100666676,2482,45.500000,27.050000,Slobozia Bradului
100666715,2499,44.570000,27.370000,Slobozia
100666716,2473,44.520000,25.230000,Slobozia
100666724,2485,44.780000,23.130000,Slivileşti
100666728,2474,45.920000,24.170000,Slimnic
100666752,2480,45.120000,23.920000,Slătioara
100666759,2489,45.250000,22.280000,Slatina-Timiş
100666765,2481,47.450000,26.020000,Slatina
100666767,2490,44.430000,24.370000,Slatina
100666770,2471,46.200000,26.430000,Slănic-Moldova
100666775,2468,45.250000,25.930000,Slănic
100666790,2497,45.650000,26.070000,Sita Buzăului
100666809,2468,44.800000,25.950000,Şirna
100666821,2472,46.270000,21.630000,Şiria
100666828,2467,47.400000,26.730000,Sireţel
100666830,2481,47.950000,26.070000,Siret
100666877,2467,47.470000,27.220000,Şipote
100666887,2497,46.050000,26.130000,Sînzieni
100666916,2488,47.180000,24.300000,Şintereag
100666922,2472,46.520000,21.600000,Sintea Mare
100666928,2470,47.070000,21.870000,Sântandrei
100666936,2472,46.350000,21.500000,Sântana
100666942,2478,47.620000,27.350000,Santa Mare
100666946,2501,46.250000,25.880000,Sânsimion
100666950,2462,46.050000,20.670000,Sânpetru Mare
100666964,2475,46.450000,24.350000,Sânpaul
100666973,2462,46.080000,20.630000,Sânnicolau Mare
100666981,2462,45.700000,21.090000,Sânmihaiu Român
100667008,2501,46.270000,25.930000,Sînmartin
100667020,2494,44.230000,25.940000,Singureni
100667023,2468,45.130000,26.350000,Sîngeru
100667034,2475,46.570000,24.600000,Sângeorgiu de Mureș
100667043,2467,47.120000,27.180000,Sineşti
100667055,2501,46.580000,25.780000,Sândominic
100667059,2475,46.550000,24.500000,Sâncraiu de Mureș
100667069,2501,46.300000,25.850000,Sâncrăieni
100667074,2495,46.200000,23.950000,Sâncel
100667076,2466,45.770000,25.170000,Şinca Veche
100667089,2462,45.850000,21.170000,Sânandrei
100667091,2468,45.350000,25.550000,Sinaia
100667094,2501,46.330000,25.100000,Șimonești
100667098,2463,44.380000,23.800000,Şimnicu de Sus
100667101,2496,47.230000,22.800000,Şimleu Silvaniei
100667109,2481,47.700000,26.400000,Siminicea
100667118,2470,47.480000,22.100000,Şimian
100667119,2484,44.610000,22.710000,Şimian
100667121,2493,45.850000,23.020000,Simeria
100667148,2472,46.430000,21.450000,Şimand
100667195,2473,44.380000,25.350000,Siliştea
100667216,2482,45.500000,27.120000,Sihlea
100667223,2475,46.220000,24.800000,Sighişoara
100667227,2476,47.930000,23.880000,Sighetu Marmației
100667232,2488,46.980000,24.650000,Şieuţ
100667238,2488,47.080000,24.380000,Şieu-Măgheruş
100667242,2488,47.020000,24.600000,Şieu
100667243,2501,46.420000,25.750000,Siculeni
100667245,2472,46.430000,21.750000,Şicula
100667256,2489,44.740000,21.850000,Sicheviţa
100667262,2461,46.930000,23.880000,Sic
100667268,2474,45.800000,24.150000,Sibiu
100667303,2497,45.870000,25.780000,Sfântu-Gheorghe
100667350,2466,45.830000,25.130000,Şercaia
100667380,2473,44.330000,24.700000,Şerbăneşti
100667395,2478,47.950000,26.300000,Şendriceni
100667402,2465,45.400000,27.920000,Şendreni
100667408,2472,46.120000,20.930000,Semlac
100667420,2474,45.770000,24.200000,Şelimbăr
100667424,2472,46.380000,21.720000,Seleuş
100667429,2487,44.470000,25.300000,Şelaru
100667434,2472,46.100000,20.850000,Şeitin
100667437,2476,47.750000,23.280000,Seini
100667445,2474,46.020000,24.150000,Şeíca Mare
100667449,2500,43.820000,24.800000,Segarcea Vale
100667453,2463,44.100000,23.750000,Segarcea
100667458,2472,46.080000,20.980000,Secusigiu
100667465,2471,46.650000,27.100000,Secuieni
100667515,2472,46.370000,22.120000,Sebiş
100667526,2495,45.970000,23.570000,Sebeş
100667546,2500,43.750000,25.070000,Seaca
100667572,2500,44.150000,24.950000,Scrioaştea
100667582,2477,45.370000,26.670000,Scorţoasa
100667585,2471,46.550000,26.650000,Scorţeni
100667586,2468,45.100000,25.850000,Scorţeni
100667593,2490,44.570000,24.550000,Scorniceşti
100667606,2467,47.380000,26.930000,Scobinţi
100667612,2485,45.020000,23.450000,Scoarţa
100667620,2467,46.920000,27.570000,Scînteia
100667646,2473,45.200000,25.000000,Schitu Goleşti
100667653,2467,47.030000,27.770000,Schitu Duca
100667669,2490,44.350000,24.570000,Schitu
100667670,2494,44.140000,25.840000,Schitu
100667676,2491,46.590000,28.060000,Văleni
100667691,2465,45.500000,27.820000,Schela
100667706,2481,47.650000,26.230000,Scheia
100667708,2467,46.930000,27.520000,Şcheia
100667727,2490,44.000000,24.570000,Scărişoara
100667748,2472,46.020000,22.230000,Săvârşin
100667751,2483,46.850000,26.470000,Săvineşti
100667757,2478,47.950000,26.870000,Săveni
100667759,2499,44.600000,27.650000,Săveni
100667763,2461,46.680000,23.450000,Săvădisla
100667793,2463,44.170000,23.770000,Calopăr
100667872,2481,47.830000,26.020000,Satu Mare
100667873,2479,47.800000,22.880000,Satu Mare
100667882,2476,47.570000,23.430000,Satulung
100667900,2462,45.940000,21.040000,Satchinez
100667917,2471,46.200000,27.100000,Sascut
100667919,2495,45.870000,23.580000,Săsciori
100667950,2477,44.420000,26.650000,Săruleşti
100667952,2481,47.280000,25.350000,Şaru Dornei
100667966,2475,46.750000,24.170000,Sărmaşu
100667970,2496,47.350000,22.830000,Şărmăşag
100667972,2501,46.880000,25.470000,Sărmaş
100667991,2486,44.950000,28.850000,Sarichioi
100668073,2477,45.250000,26.750000,Săpoca
100668076,2476,47.970000,23.700000,Săpînţa
100668091,2488,47.450000,24.900000,Şanţ
100668096,2479,47.630000,22.330000,Sanislău
100668104,2471,46.450000,26.730000,Sănduleni
100668124,2488,47.300000,24.350000,Salva
100668128,2476,47.530000,23.300000,Sălsig
100668129,2470,46.800000,21.650000,Salonta
100668142,2476,47.650000,24.350000,Săliştea de Sus
100668153,2474,45.780000,23.880000,Sălişte
100668186,2487,44.720000,25.580000,Sălcioara
100668198,2469,45.370000,27.520000,Salcia Tudor
100668214,2484,44.140000,22.930000,Salcia
100668215,2500,43.950000,24.920000,Salcia
100668219,2481,47.650000,26.370000,Salcea
100668236,2496,47.370000,23.130000,Sălăţig
100668238,2493,45.520000,22.950000,Sălaşu de Sus
100668243,2470,47.220000,22.050000,Sălard
100668252,2470,47.470000,22.320000,Sălacea
100668257,2477,45.030000,26.520000,Săhăteni
100668261,2472,46.050000,21.280000,Şagu
100668263,2483,46.980000,27.020000,Sagna
100668266,2477,45.100000,26.980000,Săgeata
100668269,2462,45.650000,21.180000,Şag
100668287,2463,43.900000,23.950000,Sadova
100668297,2470,47.350000,22.100000,Săcueni
100668304,2462,45.650000,21.430000,Sacoşu Turcesc
100668314,2466,45.620000,25.690000,Săcele
100668320,2476,47.630000,24.430000,Săcel
100668342,2462,45.760000,21.110000,Săcălaz
100668365,2483,47.020000,26.850000,Săbăoani
100668394,2477,44.950000,27.220000,Ruşeţu
100668431,2490,43.930000,24.600000,Rusăneşti
100668442,2466,46.030000,25.220000,Rupea
100668465,2487,45.180000,25.380000,Runcu
100668467,2485,45.120000,23.130000,Runcu
100668488,2467,47.250000,26.850000,Ruginoasa
100668495,2482,46.070000,27.120000,Rugineşti
100668542,2473,45.400000,25.170000,Rucăr
100668546,2483,46.830000,26.520000,Roznov
100668548,2476,47.730000,24.220000,Rozavlea
100668552,2472,46.170000,21.070000,Pecica
100668555,2485,44.920000,23.180000,Rovinari
100668569,2490,43.980000,24.320000,Rotunda
100668605,2500,44.120000,24.980000,Roşiori de Vede
100668620,2469,44.800000,27.380000,Roşiori
100668628,2480,44.870000,23.930000,Roşiile
100668631,2491,46.430000,27.880000,Roşieşti
100668645,2485,45.050000,23.750000,Roşia de Amaradia
100668656,2474,45.820000,24.320000,Roşia
100668660,2492,44.220000,27.430000,Roseţi
100668681,2476,47.900000,24.050000,Rona de Sus
100668693,2493,45.830000,23.280000,Romos
100668698,2483,46.780000,26.680000,Romîni
100668732,2483,46.920000,26.920000,Roman
100668737,2478,47.830000,26.600000,Roma
100668751,2484,44.470000,22.810000,Rogova
100668772,2488,47.420000,24.820000,Rodna
100668781,2473,44.670000,25.030000,Rociu
100668799,2494,44.410000,25.540000,Roata de Jos
100668815,2493,45.480000,22.850000,Râu de Mori
100668828,2466,45.580000,25.450000,Râşnov
100668872,2480,45.100000,24.370000,Râmnicu Vâlcea
100668873,2477,45.380000,27.050000,Râmnicu Sărat
100668911,2468,44.870000,26.130000,Râfov
100668913,2470,46.570000,22.450000,Rieni
100668915,2475,46.680000,24.400000,Rîciu
100668933,2499,44.720000,27.100000,Reviga
100668954,2489,45.300000,21.890000,Reşiţa
100668963,2476,47.830000,24.400000,Repedea
100668973,2476,47.980000,23.630000,Remeţi
100668979,2462,45.780000,21.380000,Remetea Mare
100668983,2476,47.530000,23.550000,Remetea Chioarului
100668986,2501,46.780000,25.450000,Remetea
100668987,2470,46.730000,22.350000,Remetea
100668988,2475,46.570000,24.550000,Remetea
100668995,2475,46.780000,24.720000,Reghin
100669013,2467,47.220000,27.500000,Rediu
100669018,2483,46.750000,26.570000,Rediu
100669022,2465,45.720000,27.830000,Rediu
100669026,2490,44.050000,24.300000,Redea
100669043,2476,47.630000,23.520000,Recea
100669051,2466,45.720000,24.930000,Recea
100669054,2473,44.530000,25.020000,Recea
100669058,2462,45.800000,21.500000,Recaş
100669060,2488,47.280000,24.450000,Rebrişoara
100669064,2491,46.870000,27.550000,Rebricea
100669067,2488,47.320000,24.500000,Rebra
100669072,2487,44.930000,25.530000,Răzvad
100669098,2478,47.570000,27.200000,Răuseni
100669102,2483,47.250000,26.420000,Răuceşti
100669116,2473,44.730000,25.130000,Răteşti
100669126,2494,44.090000,25.660000,Răsuceni
100669128,2463,43.880000,23.280000,Rast
100669148,2464,44.250000,27.930000,Rasova
100669156,2474,45.700000,24.070000,Răşinari
100669186,2488,47.380000,24.180000,Târlișua
100669192,2489,45.440000,21.690000,Ramna
100669241,2467,46.950000,27.930000,Răducăneni
100669244,2492,44.200000,26.520000,Radovanu
100669245,2463,44.170000,23.620000,Radovan
100669253,2490,44.120000,24.680000,Radomireşti
100669288,2478,48.230000,26.800000,Rădăuți-Prut
100669289,2481,47.850000,25.920000,Rădăuţi
100669292,2481,47.470000,26.250000,Rădăşeni
100669320,2462,45.700000,21.640000,Racoviţa
100669321,2480,45.680000,24.350000,Racoviţa
100669339,2471,46.700000,26.750000,Racova
100669344,2497,46.080000,25.530000,Racoșul de Sus
100669348,2482,46.000000,26.880000,Răcoasa
100669364,2471,46.430000,27.370000,Răchitoasa
100669371,2478,47.770000,26.680000,Răchiţi
100669398,2489,44.990000,21.620000,Răcăşdia
100669405,2487,44.630000,25.730000,Răcari
100669408,2471,46.330000,26.980000,Răcăciuni
100669436,2481,47.870000,25.620000,Putna
100669443,2494,43.900000,25.730000,Putineiu
100669444,2500,43.900000,24.970000,Putineiu
100669491,2484,44.280000,22.930000,Punghina
100669493,2491,46.700000,27.330000,Pungeşti
100669499,2491,46.420000,27.500000,Puieşti
100669501,2493,45.520000,23.100000,Pui
100669504,2482,46.000000,27.200000,Pufeşti
100669517,2487,45.080000,25.420000,Pucioasa
100669522,2468,44.820000,26.080000,Puchenii Mari
100669528,2484,44.610000,22.920000,Prunişor
100669545,2494,44.090000,26.230000,Prundu
100669549,2480,44.730000,24.270000,Prundeni
100669576,2487,44.700000,25.500000,Produleşti
100669587,2467,47.380000,27.500000,Probota
100669590,2484,44.220000,22.710000,Pristol
100669618,2467,47.080000,27.880000,Prisăcani
100669643,2485,45.070000,23.680000,Prigoria
100669647,2489,44.940000,22.110000,Prigor
100669654,2473,44.880000,25.080000,Priboieni
100669665,2481,47.450000,26.420000,Preuteşti
100669691,2466,45.720000,25.770000,Prejmer
100669698,2463,44.350000,23.600000,Predeşti
100669730,2478,47.520000,27.020000,Prăjeni
100669735,2501,46.550000,25.130000,Praid
100669753,2487,44.550000,25.580000,Potlogi
100669772,2490,44.480000,24.650000,Potcoava
100669783,2477,45.230000,26.850000,Poșta Câlnău
100669800,2468,45.270000,26.130000,Poseștii-Ungureni
100669818,2474,45.750000,24.450000,Porumbacu de Jos
100669832,2500,43.930000,25.370000,Poroschia
100669836,2484,44.500000,22.940000,Poroina Mare
100669847,2467,47.300000,27.520000,Popricani
100669850,2500,44.370000,25.180000,Tătărăştii de Jos
100669870,2502,44.380000,26.170000,Popeşti-Leordeni
100669882,2470,47.230000,22.420000,Popeşti
100669883,2467,47.150000,27.230000,Popeşti
100669897,2480,44.980000,24.100000,Popeşti
100669904,2473,44.770000,25.070000,Popeşti
100669940,2484,44.970000,22.760000,Ponoarele
100669947,2478,48.070000,26.320000,Pomârla
100669952,2470,46.780000,22.280000,Pomezeu
100669955,2485,45.180000,23.800000,Polovragi
100669968,2481,47.520000,25.450000,Pojorâta
100669980,2489,44.770000,21.580000,Pojejena
100669995,2476,47.820000,24.430000,Poienile de sub Munte
100669998,2467,46.930000,27.180000,Poienile
100670006,2491,46.620000,27.530000,Poieneşti
100670008,2483,46.900000,27.130000,Poienari
100670021,2483,47.100000,25.970000,Poiana Teiului
100670033,2474,45.800000,23.730000,Poiana Sibiului
100670059,2466,45.600000,25.300000,Poiana Mărului
100670064,2463,43.920000,23.070000,Poiana Mare
100670075,2473,44.820000,24.730000,Poiana Lacului
100670092,2482,45.650000,26.980000,Poiana Cristei
100670093,2483,47.070000,26.320000,Poiana Crăcăoani
100670098,2468,45.130000,25.680000,Poiana Câmpina
100670155,2485,44.570000,25.680000,Poiana
100670162,2497,46.070000,26.150000,Poian
100670167,2477,44.920000,27.000000,Pogoanele
100670178,2491,46.320000,27.570000,Pogana
100670213,2495,46.920000,22.900000,Poeni
100670222,2500,44.400000,25.330000,Poeni
100670232,2468,44.750000,26.020000,Poienarii Burchii
100670245,2481,45.220000,25.050000,Poenari
100670257,2471,46.200000,27.380000,Podu Turcului
100670273,2475,46.620000,24.070000,Poduri
100670274,2471,46.470000,26.530000,Poduri
100670297,2467,47.220000,27.270000,Podu Iloaiei
100670319,2483,46.800000,26.620000,Podoleni
100670330,2477,45.420000,27.020000,Podgoria
100670336,2468,45.120000,26.170000,Podenii Noi
100670347,2484,44.880000,22.540000,Podeni
100670353,2463,44.250000,23.780000,Podari
100670376,2464,44.220000,28.400000,Poarta Albă
100670390,2467,47.480000,27.100000,Plugari
100670409,2500,44.030000,25.130000,Plosca
100670432,2463,44.780000,23.350000,Plopşoru
100670443,2496,47.130000,22.680000,Plopiş
100670446,2500,43.970000,24.680000,Plopii-Slăvitești
100670467,2468,45.070000,25.980000,Plopeni
100670472,2471,46.680000,27.220000,Plopana
100670474,2468,44.950000,26.020000,Ploieşti
100670494,2480,44.470000,24.270000,Pleşoiu
100670515,2472,46.300000,22.430000,Pleşcuţa
100670528,2463,44.220000,23.180000,Pleniţa
100670552,2492,44.350000,26.370000,Plătăreşti
100670609,2473,44.850000,24.870000,Piteşti
100670623,2463,43.900000,23.170000,Piscu Vechi
100670649,2469,45.500000,27.730000,Piscu
100670652,2479,47.580000,22.300000,Pişcolt
100670659,2462,45.900000,21.340000,Pişchia
100670686,2477,45.280000,26.550000,Pârscov
100670706,2471,46.580000,26.600000,Pârjol
100670768,2471,46.250000,26.650000,Pârgărești
100670777,2483,47.250000,26.070000,Pipirig
100670794,2472,46.330000,21.700000,Păncota
100670815,2487,45.180000,25.430000,Pietroşiţa
100670819,2473,45.180000,24.850000,Pietroşani
100670821,2500,43.720000,25.630000,Pietroşani
100670826,2477,45.100000,26.570000,Pietroasele
100670832,2470,46.580000,22.550000,Pietroasa
100670862,2480,45.100000,24.130000,Pietrari
100670869,2463,44.330000,23.950000,Pieleştí
100670884,2483,46.830000,26.430000,Piatra Şoimului
100670888,2490,44.370000,24.270000,Piatra Olt
100670889,2483,46.920000,26.330000,Piatra Neamţ
100670923,2500,43.820000,25.170000,Piatra
100670925,2495,45.900000,23.480000,Pianu de Sus
100670938,2493,45.420000,23.370000,Petroşani
100670959,2472,46.050000,22.380000,Petriş
100670969,2493,45.450000,23.420000,Petrila
100670981,2483,47.170000,26.470000,Petricani
100671003,2487,44.650000,25.330000,Petreşti
100671015,2502,44.580000,26.300000,Petrăchioaia
100671034,2475,46.730000,24.720000,Petelea
100671053,2485,45.070000,23.030000,Peştişani
100671067,2464,44.180000,28.130000,Peştera
100671110,2492,44.450000,27.550000,Perişoru
100671116,2480,45.380000,24.400000,Perişani
100671118,2460,44.680000,26.010000,Periş
100671128,2499,44.550000,27.220000,Perieţi
100671129,2490,44.400000,24.550000,Perieţi
100671132,2467,46.300000,27.620000,Perieni
100671136,2496,47.230000,22.880000,Pericei
100671138,2462,46.050000,20.870000,Periam
100671145,2500,44.050000,25.080000,Peretu
100671182,2462,45.610000,21.060000,Peciu Nou
100671184,2464,43.900000,28.500000,Pecineaga
100671187,2465,45.630000,27.800000,Pechea
100671196,2480,45.070000,24.130000,Păușești-Otăsău
100671200,2480,45.130000,24.250000,Păuşeşti-Măglaşi
100671209,2482,46.030000,27.100000,Păuneşti
100671218,2472,46.120000,21.580000,Păuliş
100671224,2470,47.780000,22.920000,Păuleşti
100671228,2468,45.000000,25.980000,Păuleşti
100671248,2484,44.350000,22.770000,Pătulele
100671263,2481,47.720000,26.200000,Pătrăuţi
100671281,2483,47.170000,26.570000,Păstrăveni
100671291,2467,47.250000,26.730000,Paşcani
100671319,2481,47.630000,25.970000,Pârteștii de Jos
100671337,2471,46.480000,27.100000,Parincea
100671352,2471,46.300000,27.000000,Parava
100671382,2502,44.450000,26.200000,Pantelimon
100671390,2475,46.550000,24.470000,Pănet
100671398,2482,45.900000,27.080000,Panciu
100671402,2471,46.330000,27.080000,Pănceşti
100671418,2481,47.550000,25.950000,Păltinoasa
100671427,2478,48.220000,26.650000,Păltiniş
100671443,2482,45.780000,26.720000,Paltin
100671471,2471,46.530000,26.120000,Palanca
100671550,2484,44.430000,22.990000,Padina Mică
100671556,2477,44.830000,27.120000,Padina
100671559,2485,45.020000,22.850000,Padeş
100671580,2497,45.800000,25.850000,Ozun
100671584,2464,44.270000,28.570000,Ovidiu
100671590,2460,44.550000,26.070000,Otopeni
100671600,2480,45.070000,24.030000,Oteşani
100671603,2489,45.530000,22.370000,Oţelu Roşu
100671607,2467,47.080000,27.030000,Oţeleni
100671626,2463,43.800000,23.900000,Ostroveni
100671636,2464,44.120000,27.370000,Ostrov
100671641,2481,47.400000,25.770000,Ostra
100671644,2470,47.030000,22.050000,Oşorhei
100671657,2490,44.250000,24.320000,Osica de Sus
100671661,2491,46.770000,27.470000,Oşeşti
100671676,2462,45.960000,21.200000,Orţişoara
100671681,2484,44.730000,22.400000,Orşova
100671691,2463,44.230000,23.230000,Orodel
100671699,2466,46.020000,25.550000,Ormeniş
100671705,2480,44.800000,24.220000,Orleşti
100671709,2490,43.750000,24.380000,Orlea
100671711,2474,45.750000,23.970000,Orlat
100671737,2471,46.280000,27.020000,Orbeni
100671738,2500,44.150000,25.320000,Orbeasca de Sus
100671746,2489,45.030000,21.690000,Oraviţa
100671751,2479,47.830000,23.280000,Oraşu Nou
100671757,2493,45.830000,23.200000,Orăştie
100671768,2470,47.070000,21.930000,Oradea
100671771,2490,44.580000,24.650000,Optaşi
100671776,2484,44.280000,23.080000,Oprişor
100671800,2483,46.820000,27.150000,Oniceni
100671824,2464,44.170000,27.670000,Oltina
100671832,2492,44.080000,26.630000,Olteniţa
100671846,2502,44.180000,25.280000,Olteni
100671849,2491,46.580000,27.900000,Olteneşti
100671869,2470,46.680000,21.980000,Olcea
100671884,2480,44.870000,24.300000,Olanu
100671890,2497,45.980000,26.250000,Ojdula
100671896,2471,46.200000,26.620000,Oituz
100671902,2494,43.950000,26.020000,Oinacu
100671933,2494,44.420000,25.770000,Ogrezeni
100671964,2501,46.300000,25.300000,Odorheiu Secuiesc
100671966,2479,47.800000,23.000000,Odoreu
100671974,2482,45.770000,27.050000,Odobeşti
100671975,2487,44.620000,25.570000,Odobeşti
100672016,2487,44.980000,25.550000,Ocniţa
100672019,2480,45.080000,24.320000,Ocnele Mari
100672021,2476,47.780000,23.930000,Ocna Şugatag
100672023,2474,45.880000,24.050000,Ocna Sibiului
100672024,2495,46.380000,23.850000,Ocna Mureş
100672050,2489,45.480000,22.250000,Obreja
100672060,2490,44.420000,24.100000,Oboga
100672073,2484,44.170000,22.980000,Obârșia de Câmp
100672108,2473,44.770000,24.970000,Oarja
100672123,2496,47.200000,22.730000,Nuşfalău
100672125,2488,47.100000,24.200000,Nuşeni
100672135,2460,44.720000,26.300000,Nuci
100672146,2487,44.780000,25.550000,Nucet
100672151,2485,45.180000,23.670000,Novaci
100672171,2470,46.980000,21.880000,Nojorid
100672216,2488,47.280000,24.320000,Nimigea de Sus
100672229,2486,45.180000,28.480000,Niculiţel
100672240,2478,47.870000,26.630000,Nicşeni
100672246,2465,45.930000,27.280000,Nicoreşti
100672263,2490,44.300000,24.800000,Nicolae Titulescu
100672275,2471,46.470000,26.920000,Nicolae Bălcescu
100672280,2464,44.380000,28.380000,Nicolae Bălcescu
100672301,2482,45.720000,26.720000,Nereju
100672331,2477,45.420000,26.300000,Nehoiu
100672343,2464,43.820000,28.200000,Negru Vodă
100672364,2471,46.700000,26.970000,Negri
100672365,2479,47.870000,23.430000,Negreşti-Oaş
100672375,2491,46.830000,27.430000,Negreşti
100672406,2473,44.600000,25.120000,Negraşi
100672414,2485,44.830000,23.170000,Negomir
100672486,2464,44.320000,28.600000,Năvodari
100672492,2500,43.670000,25.470000,Năsturelu
100672497,2488,47.280000,24.400000,Năsăud
100672507,2496,47.370000,23.320000,Năpradea
100672512,2500,44.000000,25.300000,Nanov
100672532,2486,45.050000,28.620000,Nalbant
100672544,2462,45.650000,22.180000,Nădrag
100672546,2472,46.170000,20.750000,Nădlac
100672581,2473,45.220000,24.780000,Muşeteşti
100672602,2486,45.030000,29.170000,Murighiol
100672615,2491,46.200000,28.020000,Murgeni
100672620,2464,44.180000,28.420000,Murfatlar
100672651,2491,46.620000,27.770000,Muntenii de Jos
100672654,2499,44.630000,26.980000,Munteni Buzău
100672660,2465,45.930000,27.430000,Munteni
100672669,2489,45.380000,22.330000,Muntele Mic
100672700,2501,46.250000,25.220000,Mugeni
100672714,2473,44.570000,25.170000,Mozăceni
100672720,2477,45.950000,27.100000,Moviliţa
100672722,2499,44.650000,26.480000,Moviliţa
100672729,2467,47.320000,27.350000,Movileni
100672732,2465,45.770000,27.350000,Movileni
100672734,2490,44.370000,24.650000,Movileni
100672744,2469,45.220000,27.600000,Movila Miresei
100672746,2477,44.980000,26.680000,Movila Banului
100672757,2485,44.800000,22.970000,Motru
100672760,2471,46.330000,27.380000,Motoşeni
100672781,2467,47.250000,26.620000,Moţca
100672784,2463,44.080000,23.200000,Moţăţei
100672808,2473,44.820000,24.770000,Moşoaia
100672809,2462,45.720000,21.330000,Moşniţa Nouă
100672826,2474,46.080000,24.400000,Moşna
100672838,2490,44.470000,24.120000,Morunglav
100672842,2487,44.670000,25.230000,Morteni
100672847,2487,45.220000,25.430000,Moroeni
100672862,2487,44.980000,25.650000,Moreni
100672887,2472,46.450000,22.250000,Moneasa
100672899,2481,47.680000,25.530000,Moldoviţa
100672905,2461,46.500000,23.650000,Moldoveneşti
100672912,2489,44.740000,21.670000,Moldova Nouă
100672922,2476,47.650000,24.550000,Moisei
100672926,2471,46.470000,26.480000,Moineşti
100672937,2502,44.530000,26.000000,Mogoşoaia
100672938,2467,47.130000,26.780000,Mogoşeşti-Siret
100672943,2467,47.030000,27.530000,Mogoşeşti
100672955,2487,44.680000,25.400000,Mogoşani
100672964,2479,47.670000,22.670000,Moftinu Mare
100672968,2466,45.480000,25.320000,Moeciu de Jos
100672977,2492,44.200000,27.380000,Modelu
100672983,2461,46.800000,24.030000,Mociu
100672987,2468,45.050000,26.250000,Moceşti
100673016,2481,47.570000,26.230000,Moara Carp
100673033,2468,45.020000,26.450000,Mizil
100673048,2492,44.170000,26.600000,Mitreni
100673050,2481,47.730000,26.250000,Mitocu Dragomirnei
100673079,2472,46.300000,21.680000,Mișca
100673082,2500,43.930000,25.470000,Mârzănești
100673093,2494,44.370000,25.560000,Mârşa
100673096,2467,47.150000,26.650000,Miroslăveşti
100673098,2467,47.150000,27.520000,Miroslava
100673102,2473,44.420000,24.930000,Miroşi
100673106,2467,46.970000,27.420000,Mironeasa
100673123,2476,47.500000,23.330000,Mireşu Mare
100673140,2467,47.080000,26.830000,Mirceşti
100673151,2469,45.120000,27.380000,Mircea Vodă
100673154,2464,44.280000,28.170000,Mircea Vodă
100673161,2473,44.950000,24.950000,Mioveni
100673177,2461,47.050000,23.950000,Mintiu Gherlii
100673219,2466,45.820000,25.050000,Mândra
100673242,2481,47.600000,25.870000,Mănăstirea Humorului
100673275,2492,44.220000,26.900000,Mînăstirea
100673300,2499,44.730000,27.230000,Miloşeşti
100673305,2481,47.780000,26.000000,Milişăuţi
100673315,2478,48.080000,26.700000,Mileanca
100673316,2482,45.650000,27.250000,Milcovul
100673354,2495,46.150000,23.730000,Mihalţ
100673365,2461,46.530000,23.750000,Mihai Viteazu
100673367,2464,44.630000,28.680000,Mihai Viteazu
100673380,2486,45.030000,28.730000,Mihail Kogălniceanu
100673381,2499,44.680000,27.730000,Mihail Kogălniceanu
100673382,2464,44.370000,28.450000,Mihail Kogălniceanu
100673386,2477,44.920000,26.670000,Mihăileşti
100673387,2494,44.330000,25.910000,Mihăileşti
100673392,2478,47.970000,26.150000,Mihăileni
100673397,2478,47.780000,26.920000,Mihail Eminescu
100673404,2494,44.140000,26.060000,Mihai Bravu
100673416,2473,45.120000,25.000000,Mihăeşti
100673417,2480,45.030000,24.250000,Mihăeşti
100673438,2474,45.880000,23.800000,Miercurea Sibiului
100673440,2475,46.530000,24.800000,Miercurea Nirajului
100673441,2501,46.350000,25.800000,Miercurea-Ciuc
100673453,2479,47.900000,22.950000,Micula
100673466,2491,46.820000,27.830000,Micleşti
100673482,2473,44.950000,24.870000,Miceşti
100673489,2461,47.130000,23.930000,Mica
100673490,2475,46.370000,24.420000,Mica
100673506,2495,46.100000,23.420000,Meteş
100673533,2496,47.150000,22.980000,Meseşenii de Jos
100673553,2500,44.970000,24.730000,Merişani
100673583,2464,44.050000,28.370000,Mereni
100673586,2477,45.130000,26.680000,Merei
100673594,2482,45.770000,26.950000,Mera
100673600,2463,44.570000,23.720000,Melineşti
100673619,2489,44.900000,22.370000,Mehadia
100673632,2479,47.780000,23.150000,Medieşu Aurit
100673634,2479,46.170000,24.350000,Mediaş
100673636,2464,44.250000,28.280000,Medgidia
100673652,2469,45.400000,27.630000,Măxineni
100673658,2487,44.030000,25.250000,Mavrodin
100673678,2488,46.980000,24.270000,Matei
100673683,2480,45.070000,23.850000,Mateeşti
100673685,2465,45.850000,27.530000,Matca
100673691,2487,44.720000,25.420000,Mătăsaru
100673695,2485,44.850000,23.080000,Mătăsari
100673702,2465,45.780000,28.030000,Măstăcani
100673706,2462,46.000000,21.450000,Maşloc
100673723,2490,44.200000,24.470000,Mărunţei
100673731,2501,46.230000,25.380000,Mărtiniş
100673783,2471,46.600000,26.900000,Mărgineni-Munteni
100673794,2483,46.900000,26.630000,Mărgineni
100673807,2481,47.820000,25.820000,Marginea
100673816,2470,47.350000,22.330000,Marghita
100673868,2496,47.220000,22.570000,Marca
100673873,2469,44.850000,27.970000,Măraşu
100673881,2482,45.880000,27.230000,Mărăşeşti
100673893,2477,45.200000,26.800000,Mărăcineni
100673894,2473,44.900000,24.880000,Mărăcineni
100673908,2478,47.980000,27.070000,Manoleasa
100673921,2464,43.800000,28.580000,Mangalia
100673931,2487,44.970000,25.280000,Măneşti
100673932,2468,44.870000,25.850000,Măneşti
100673934,2468,45.320000,25.980000,Măneciu
100673948,2499,44.700000,26.670000,Manasia
100673964,2491,46.180000,27.920000,Măluşteni
100673977,2473,45.100000,24.800000,Mălureni
100673982,2463,44.230000,23.870000,Malu Mare
100673986,2487,45.150000,25.200000,Malu cu Flori
100674003,2484,44.700000,22.730000,Malovăţ
100674006,2497,46.020000,25.830000,Malnaş
100674011,2481,47.470000,26.080000,Mălini
100674030,2500,44.120000,24.930000,Măldăeni
100674061,2488,47.400000,24.750000,Maieru
100674066,2482,45.500000,27.500000,Măicăneşti
100674078,2486,45.080000,29.080000,Mahmudia
100674105,2468,45.070000,25.730000,Măgureni
100674115,2468,45.100000,26.030000,Măgurele
100674117,2502,44.350000,26.030000,Măgurele
100674124,2488,47.380000,24.800000,Măgura Ilvei
100674146,2471,46.570000,26.850000,Măgura
100674155,2482,45.270000,26.580000,Măgura
100674161,2487,44.030000,25.400000,Măgura
100674170,2463,44.030000,23.100000,Maglavit
100674172,2471,46.520000,26.550000,Măgireşti
100674184,2475,46.570000,24.900000,Măgherani
100674188,2470,47.020000,22.450000,Măgeşti
100674197,2496,47.320000,22.800000,Măerişte
100674214,2470,46.830000,21.680000,Mădăraş
100674230,2486,45.250000,28.150000,Măcin
100674244,2472,46.380000,21.300000,Macea
100674267,2492,44.380000,26.900000,Lupşanu
100674272,2495,46.370000,23.200000,Lupşa
100674294,2501,46.380000,25.220000,Lupeni
100674295,2493,45.350000,23.230000,Lupeni
100674305,2489,45.280000,21.810000,Lupac
100674307,2487,44.620000,25.650000,Lunguleţu
100674318,2480,44.570000,24.180000,Lungeşti
100674323,2467,47.180000,27.150000,Lungani
100674349,2486,45.280000,28.270000,Luncaviţa
100674350,2489,45.080000,22.270000,Luncaviţa
100674402,2488,47.370000,24.980000,Lunca Ilvei
100674413,2501,46.530000,25.970000,Lunca de Sus
100674419,2501,46.570000,25.980000,Lunca de Jos
100674421,2473,44.700000,24.750000,Lunca Corbului
100674439,2491,46.600000,28.170000,Lunca Banului
100674461,2478,47.620000,26.980000,Lunca
100674467,2475,46.850000,24.570000,Lunca
100674470,2470,46.520000,22.470000,Lunca
100674497,2500,43.830000,24.770000,Lunca
100674517,2464,44.280000,28.570000,Lumina
100674523,2471,46.530000,26.830000,Luizi-Călugăra
100674531,2462,45.690000,21.900000,Lugoj
100674533,2470,47.070000,22.350000,Lugaşu de Jos
100674536,2501,46.270000,25.480000,Lueta
100674541,2475,46.480000,24.100000,Luduş
100674550,2487,44.870000,25.230000,Ludeşti
100674556,2499,44.970000,27.080000,Luciu
100674560,2487,44.850000,25.430000,Lucieni
100674586,2462,45.970000,20.770000,Lovrin
100674606,2477,45.480000,26.580000,Lopătari
100674626,2485,44.900000,23.700000,Logreşti
100674636,2474,45.930000,24.100000,Loamneş
100674637,2471,46.420000,26.730000,Livezi-Vale
100674641,2488,47.180000,24.570000,Livezile
100674647,2484,44.510000,22.860000,Livezile
100674654,2475,46.550000,24.630000,Livezeni
100674679,2461,47.870000,23.130000,Livada
100674685,2472,46.220000,21.380000,Livada
100674696,2481,47.570000,26.200000,Liteni
100674706,2461,43.800000,24.820000,Liţa
100674726,2463,44.100000,23.630000,Lipovu
100674730,2491,46.570000,27.700000,Lipovăţ
100674732,2471,46.720000,27.230000,Lipova
100674733,2472,46.080000,21.700000,Lipova
100674735,2464,44.100000,27.600000,Lipniţa
100674745,2468,45.050000,26.020000,Lipăneşti
100674782,2464,43.800000,28.530000,Limanu
100674796,2465,45.620000,27.520000,Lieşti
100674799,2462,45.580000,21.320000,Liebling
100674823,2463,44.180000,24.000000,Leu
100674826,2471,46.550000,26.950000,Letea Veche
100674834,2467,47.180000,27.420000,Leţcani
100674841,2488,47.320000,24.750000,Leşu
100674844,2467,47.370000,26.700000,Lespezi
100674864,2473,45.330000,25.070000,Lereşti
100674885,2473,44.780000,25.120000,Leordeni
100674889,2478,47.820000,26.450000,Leorda
100674895,2462,45.870000,20.800000,Lenauheim
100674898,2497,46.050000,26.270000,Lemnia
100674916,2492,44.430000,26.850000,Lehliu-Gară
100674918,2492,44.470000,26.820000,Lehliu
100674933,2488,47.020000,24.350000,Lechinţa
100674945,2470,46.580000,22.400000,Lazuri de Beiuş
100674947,2479,47.850000,22.870000,Lazuri
100674972,2470,46.870000,22.070000,Lăzăreni
100674975,2501,46.750000,25.530000,Lăzarea
100674977,2491,46.650000,27.580000,Laza
100675003,2474,46.220000,24.650000,Laslea
100675033,2489,44.910000,21.940000,Lăpuşnicu Mare
100675035,2489,44.980000,22.230000,Lăpuşnicel
100675045,2476,47.500000,24.020000,Lăpuş
100675130,2486,44.770000,28.870000,Jurilovca
100675162,2461,46.850000,23.800000,Jucu Herghelia
100675168,2488,47.220000,24.680000,Josenii Bârgăului
100675171,2477,46.700000,25.500000,Joseni
100675193,2494,44.490000,25.850000,Joiţa
100675215,2469,45.170000,27.170000,Jirlău
100675218,2474,45.780000,23.680000,Jina
100675223,2462,45.790000,20.720000,Jimbolia
100675227,2499,44.770000,26.530000,Jilavele
100675231,2460,44.330000,26.080000,Jilava
100675235,2486,45.300000,28.150000,Jijila
100675251,2495,46.220000,24.100000,Jidveiu
100675261,2496,47.270000,23.250000,Jibou
100675267,2484,44.390000,22.670000,Jiana Veche
100675285,2492,44.300000,27.630000,Jegălia
100675290,2462,45.560000,21.210000,Jebel
100675293,2482,45.780000,27.070000,Jariştea
100675295,2462,45.250000,21.420000,Jamu Mare
100675331,2484,44.710000,22.670000,Izvoru Bârzii
100675384,2486,45.030000,28.530000,Izvoarele
100675385,2487,45.030000,25.270000,Izvoarele
100675389,2490,44.270000,24.520000,Izvoarele
100675393,2494,44.030000,25.770000,Izvoarele
100675394,2500,43.820000,25.380000,Izvoarele
100675407,2490,43.830000,24.650000,Izbiceni
100675417,2491,46.180000,27.530000,Iveşti
100675418,2465,45.680000,27.520000,Iveşti
100675462,2484,44.980000,22.630000,Isverna
100675480,2500,43.730000,24.750000,Islaz
100675489,2463,44.400000,23.730000,Işalniţa
100675495,2486,45.270000,28.470000,Isaccea
100675509,2481,47.620000,26.280000,Ipoteşti
100675514,2496,47.230000,22.650000,Ip
100675530,2499,44.670000,26.770000,Ion Roată
100675533,2487,44.920000,25.700000,Ion Luca Caragiale
100675547,2480,44.850000,24.230000,Ioneşti
100675585,2497,45.680000,26.030000,Întorsura Buzăului
100675590,2469,44.920000,27.600000,Însurăţei
100675604,2470,47.080000,22.120000,Ineu
100675606,2472,46.430000,21.850000,Ineu
100675612,2465,45.480000,27.750000,Independenţa
100675614,2492,44.280000,27.150000,Independenţa
100675615,2464,43.970000,28.080000,Independenţa
100675624,2501,46.220000,26.100000,Imper
100675629,2488,47.320000,24.670000,Ilva Mică
100675637,2484,44.760000,22.470000,Iloviţa
100675670,2493,45.930000,22.650000,Ilia
100675683,2492,44.520000,26.670000,Ileana
100675694,2472,46.400000,22.170000,Igneşti
100675703,2495,46.150000,23.520000,Ighiu
100675721,2476,47.680000,24.230000,Ieud
100675727,2475,46.450000,24.250000,Iernut
100675752,2483,46.800000,26.930000,Icușești
100675763,2495,46.980000,23.800000,Iclod
100675783,2478,48.070000,26.370000,Ibăneşti
100675784,2475,46.770000,24.930000,Ibăneşti
100675810,2467,47.170000,27.600000,Iaşi
100675817,2461,46.550000,23.520000,Iara
100675832,2490,44.500000,24.030000,Iancu Jianu
100675840,2490,45.130000,27.450000,Ianca
100675841,2469,43.780000,24.180000,Ianca
100675843,2491,46.380000,27.550000,Iana
100675865,2467,47.430000,25.320000,Iacobeni
100675872,2489,44.950000,22.310000,Iablaniţa
100675889,2484,44.680000,22.840000,Husnicioara
100675892,2491,46.670000,28.060000,Huşi
100675901,2471,46.270000,27.250000,Hurueşti
100675918,2493,45.750000,22.900000,Hunedoara
100675929,2487,44.830000,25.230000,Hulubeşti
100675937,2461,46.870000,23.050000,Huedin
100675941,2478,48.150000,26.500000,Hudeşti
100675968,2494,44.170000,26.370000,Hotarele
100675983,2481,47.850000,25.850000,Horodnicu de Sus
100675987,2481,47.530000,26.170000,Horodniceni
100675993,2496,47.130000,22.880000,Horoatu Crasnei
100675999,2467,47.120000,27.370000,Horleşti
100676016,2471,46.430000,27.070000,Horgeşti
100676026,2480,45.150000,24.020000,Horezu
100676063,2482,46.130000,27.230000,Homocea
100676070,2470,46.780000,22.130000,Holod
100676078,2467,47.150000,27.700000,Holboca
100676087,2466,45.980000,25.300000,Hoghiz
100676106,2479,47.400000,23.030000,Hodod
100676124,2475,46.770000,24.920000,Hodac
100676127,2491,46.540000,28.010000,Hoceni
100676138,2478,47.600000,27.150000,Hlipiceni
100676155,2473,45.120000,25.100000,Hârtiești
100676163,2464,44.680000,27.930000,Hârșova
100676167,2470,44.530000,24.780000,Hârsești
100676176,2467,47.430000,26.900000,Hârlău
100676186,2484,44.540000,22.780000,Hinova
100676194,2478,48.030000,26.250000,Hilişeu-Horia
100676203,2470,46.950000,22.050000,Hidişelu de Sus
100676212,2496,47.070000,23.280000,Hida
100676237,2496,47.250000,23.020000,Hereclean
100676262,2471,46.350000,26.750000,Helegiu
100676268,2478,48.070000,26.650000,Havârna
100676277,2493,45.620000,22.950000,Haţeg
100676287,2472,46.500000,22.080000,Hăşmaş
100676304,2483,45.720000,25.680000,Hărman
100676331,2483,47.050000,26.030000,Hangu
100676351,2479,47.970000,23.020000,Halmeu
100676356,2472,46.270000,22.580000,Hălmagiu
100676358,2472,46.270000,22.620000,Hălmăgel
100676368,2466,45.770000,25.550000,Hălchiu
100676371,2467,47.100000,26.800000,Hălăuceşti
100676438,2475,46.770000,24.850000,Gurghiu
100676455,2468,45.150000,26.030000,Gura Vitioarei
100676462,2471,46.330000,26.730000,Gura Văii
100676478,2477,45.480000,26.420000,Gura Teghii
100676481,2487,44.750000,25.520000,Gura Şuţii
100676495,2474,45.730000,23.980000,Gura Rîului
100676527,2481,47.550000,25.900000,Gura Humorului
100676530,2472,46.270000,22.350000,Gurahonţ
100676557,2482,45.580000,27.020000,Gura Caliţei
100676588,2482,45.570000,27.130000,Gugeşti
100676596,2477,45.500000,26.650000,Ghizdita
100676604,2483,47.130000,26.370000,Grumăzeşti
100676617,2492,44.730000,26.230000,Gruiu
100676625,2484,44.270000,22.700000,Gruia
100676673,2467,47.350000,27.250000,Gropniţa
100676683,2490,43.750000,24.270000,Grojdibodu
100676706,2491,46.150000,27.650000,Griviţa
100676707,2465,45.720000,27.650000,Griviţa
100676708,2499,44.730000,27.280000,Griviţa
100676755,2486,45.180000,28.230000,Greci
100676774,2494,44.110000,26.340000,Greaca
100676778,2477,45.380000,26.970000,Greabănu
100676783,2500,44.430000,25.450000,Gratia
100676787,2481,47.820000,26.070000,Grăniceşti
100676793,2481,47.920000,26.150000,Grămeşti
100676798,2467,46.970000,27.520000,Grajduri
100676815,2480,44.870000,23.820000,Grădiştea
100676816,2492,44.670000,26.280000,Grădiştea
100676819,2492,44.230000,27.220000,Grădiştea
100676859,2494,44.180000,26.220000,Goştinari
100676866,2490,44.080000,24.530000,Gostavăţu
100676890,2468,45.120000,26.070000,Gornet
100676892,2475,46.670000,24.650000,Gorneşti
100676907,2468,44.780000,26.080000,Gorgota
100676918,2478,47.780000,26.850000,Gorbăneşti
100676920,2467,46.880000,28.080000,Gorban
100676946,2482,45.670000,27.130000,Goleşti
100676960,2467,47.230000,27.700000,Golăiești
100676969,2463,43.920000,23.620000,Goicea
100676972,2465,46.070000,27.400000,Gohor
100676976,2484,44.370000,22.590000,Gogoşu
100676995,2463,44.480000,23.770000,Goeşti
100677005,2473,45.230000,24.980000,Godeni
100677010,2484,44.800000,22.610000,Godeanu
100677019,2485,44.930000,22.910000,Glogova
100677043,2475,46.650000,24.600000,Glodeni
100677045,2487,45.020000,25.470000,Glodeni
100677047,2477,44.830000,26.800000,Glodeanu-Siliştea
100677049,2477,44.870000,26.650000,Glodeanu-Sărat
100677060,2502,44.380000,26.250000,Glina
100677085,2471,46.250000,27.380000,Glăvăneşti
100677106,2494,43.880000,25.970000,Giurgiu
100677108,2463,44.020000,23.630000,Giurgiţa
100677135,2462,45.550000,20.980000,Giulvăz
100677143,2476,47.820000,23.930000,Giuleşti
100677150,2463,44.120000,23.420000,Giubega
100677158,2483,46.950000,26.520000,Girov
100677160,2462,45.690000,21.240000,Giroc
100677165,2489,44.790000,21.790000,Gârnic
100677180,2471,46.670000,26.800000,Gârleni
100677186,2484,44.210000,22.770000,Gârla-Mare
100677192,2470,47.070000,21.780000,Girişu de Criş
100677205,2490,43.770000,24.630000,Gârcov
100677219,2499,44.780000,26.770000,Gîrbovi
100677256,2463,43.900000,23.850000,Gângiova
100677270,2496,47.200000,23.330000,Gâlgău Almașului
100677283,2461,46.750000,23.380000,Gilău
100677286,2463,43.850000,23.800000,Gighera
100677288,2462,45.410000,20.990000,Giera
100677294,2462,45.840000,21.310000,Giarmata
100677313,2462,45.760000,21.300000,Ghiroda
100677333,2472,46.150000,21.580000,Ghioroc
100677357,2475,46.500000,24.920000,Ghindari
100677377,2471,46.580000,26.070000,Ghimeş-Făget
100677382,2466,45.670000,25.500000,Ghimbav
100677407,2465,46.050000,27.500000,Ghidigeni
100677419,2479,47.930000,23.230000,Gherţa Mică
100677429,2461,47.030000,23.920000,Gherla
100677432,2468,44.800000,26.270000,Gherghiţa
100677435,2491,46.500000,27.520000,Ghergheşti
100677441,2477,45.270000,27.200000,Ghergheasa
100677454,2483,47.020000,26.820000,Gherăeşti
100677458,2501,46.720000,25.620000,Gheorgheni
100677466,2475,46.470000,24.500000,Gheorghe Doja
100677479,2497,45.950000,26.230000,Ghelinţa
100677508,2478,48.030000,26.480000,George Enescu
100677520,2493,45.920000,23.200000,Geoagiu
100677557,2462,45.620000,22.020000,Gavojdia
100677578,2494,43.730000,25.700000,Găujani
100677581,2462,45.430000,21.430000,Gătaia
100677583,2482,45.780000,27.200000,Garoafa
100677621,2475,46.330000,24.350000,Găneşti
100677625,2479,47.530000,22.780000,Acâș
100677628,2502,44.480000,26.280000,Găneasa
100677629,2490,44.420000,24.280000,Găneasa
100677648,2463,44.100000,23.300000,Galicea Mare
100677650,2480,44.920000,24.280000,Galicea
100677655,2475,46.520000,24.750000,Găleşti
100677667,2495,46.180000,23.620000,Galda de Jos
100677672,2477,45.080000,26.920000,Gălbinaşi
100677676,2469,45.220000,27.170000,Galbenu
100677697,2465,45.450000,28.050000,Galaţi
100677701,2500,44.220000,25.350000,Gălăţeni
100677709,2481,47.920000,25.800000,Gălăneşti
100677712,2494,44.510000,25.650000,Găiseni
100677723,2471,46.330000,27.220000,Găiceana
100677742,2487,44.720000,25.320000,Găeşti
100677788,2481,47.530000,25.400000,Fundu Moldovei
100677790,2492,44.470000,26.520000,Fundulea
100677808,2477,45.530000,27.530000,Fundeni
100677812,2492,44.380000,26.350000,Fundeni
100677845,2468,44.900000,26.450000,Fulga de Sus
100677870,2465,45.670000,28.070000,Frumuşiţa
100677872,2478,47.530000,26.900000,Frumuşica
100677880,2492,44.300000,26.330000,Frumuşani
100677882,2481,47.620000,25.650000,Frumosu
100677890,2501,46.450000,25.850000,Frumoasa
100677896,2480,44.999100,24.188600,Frînceşti
100677905,2486,45.100000,28.670000,Frecăţei
100677918,2494,43.970000,25.970000,Frăteşti
100677921,2481,47.900000,25.880000,Frătăuţii Vechi
100677923,2481,47.950000,25.850000,Frătăuţii Noi
100677926,2461,46.700000,24.050000,Frata
100677964,2481,47.530000,25.800000,Frasin
100677982,2481,47.350000,26.470000,Forăşti
100677986,2465,45.750000,28.050000,Folteşti
100677998,2470,47.250000,22.530000,Foglaş
100678006,2462,45.500000,20.880000,Foeni
100678013,2467,47.350000,27.220000,Focuri
100678015,2482,45.700000,27.180000,Focşani
100678050,2461,46.730000,23.480000,Floreşti
100678063,2477,45.050000,25.780000,Floreşti
100678064,2484,44.760000,22.950000,Floreşti
100678098,2482,45.980000,27.050000,Fitioneşti
100678120,2489,45.490000,21.850000,Fârliug
100678152,2481,47.520000,26.320000,Fîntînele
100678159,2471,46.420000,24.750000,Fîntînele
100678162,2472,46.120000,21.400000,Fântânele
100678170,2490,44.720000,25.870000,Fîntînele
100678200,2487,44.800000,25.800000,Finta Mare
100678208,2470,46.630000,22.320000,Finiş
100678243,2468,44.980000,25.780000,Filipeștii de Târg
100678245,2468,45.000000,25.750000,Filipeştii de Pădure
100678248,2471,46.750000,26.880000,Filipeşti
100678261,2463,44.550000,23.520000,Filiaşi
100678290,2487,45.130000,25.420000,Fieni
100678306,2499,44.380000,27.830000,Feteşti
100678348,2472,46.120000,21.150000,Felnac
100678352,2501,46.270000,25.270000,Feliceni
100678355,2461,46.720000,23.620000,Feleacu
100678358,2488,47.280000,24.600000,Feldru
100678361,2466,45.820000,25.600000,Feldioara
100678385,2480,44.570000,24.020000,Făureşti
100678395,2464,45.080000,27.270000,Făurei
100678421,2480,44.780000,24.000000,Fârtățești
100678425,2463,44.600000,23.750000,Fărcaş
100678427,2485,44.870000,23.200000,Fărcăşeşti
100678430,2490,44.150000,24.430000,Fărcaşele
100678432,2494,44.390000,25.820000,Grădinari
100678437,2476,47.580000,23.330000,Fărcașa
100678438,2471,47.170000,25.830000,Farcașa
100678451,2471,46.430000,26.900000,Faraoaní
100678459,2481,47.450000,26.300000,Fălticeni
100678462,2490,44.230000,24.370000,Fălcoiu
100678465,2491,46.300000,28.140000,Fălciu
100678490,2462,45.850000,22.180000,Făget
100678499,2466,45.850000,24.970000,Făgăraş
100678513,2499,44.570000,27.900000,Făcăeni
100678529,2484,44.700000,22.360000,Ieşelniţa
100678535,2475,46.600000,24.650000,Ernei
100678546,2475,46.670000,24.930000,Eremitu
100678552,2467,47.270000,27.230000,Erbiceni
100678555,2494,44.260000,25.880000,Iepureşti
100678587,2489,44.900000,22.090000,Eftimie Murgu
100678588,2464,44.050000,28.630000,Eforie Sud
100678594,2487,45.030000,25.630000,Iedera de Jos
100678605,2478,47.770000,27.100000,Durneşti
100678649,2482,45.570000,26.920000,Dumitreștii-Față
100678660,2488,47.220000,24.480000,Dumitra
100678665,2467,47.180000,27.350000,Dumeşti
100678666,2491,46.850000,27.280000,Dumeşti
100678680,2476,47.600000,23.650000,Dumbrăviţa
100678689,2488,45.770000,25.430000,Dumbrăviţa
100678693,2468,45.080000,26.000000,Dumbrăveşti
100678700,2481,47.650000,26.420000,Dumbrăveni
100678704,2474,46.230000,24.570000,Dumbrăveni
100678705,2482,45.530000,27.120000,Dumbrăveni
100678715,2483,46.880000,26.430000,Dumbrava Roşie
100678752,2462,45.820000,22.120000,Dumbrava
100678755,2487,44.880000,26.180000,Dumbrava
100678766,2483,46.970000,26.770000,Dulceşti
100678782,2462,46.050000,20.480000,Dudeştii Vechi
100678786,2469,44.900000,27.430000,Dudeşti
100678792,2491,46.750000,28.040000,Duda
100678817,2484,44.630000,22.660000,Drobeta-Turnu Severin
100678821,2491,46.810000,28.100000,Băile Drânceni
100678831,2499,44.700000,26.450000,Dridu
100678868,2468,45.220000,26.050000,Drajna de Jos
100678871,2485,44.970000,23.230000,Drăguţeşti
100678881,2478,48.020000,26.820000,Drăguşeni
100678886,2465,45.970000,27.750000,Drăguşeni
100678902,2485,44.800000,23.170000,Drăgoteşti
100678908,2482,46.000000,26.670000,Dragosloveni
100678912,2492,44.430000,27.150000,Dragoș Vodă
100678914,2502,44.470000,25.930000,Dragomireşti-Vale
100678922,2476,47.680000,24.300000,Dragomireşti
100678924,2491,46.630000,27.350000,Dragomireşti
100678926,2487,44.920000,25.330000,Dragomireşti
100678942,2481,47.550000,26.080000,Drăgoeşti
100678954,2487,44.730000,25.350000,Dragodana
100678978,2480,44.650000,24.270000,Drăgăşani
100678985,2500,44.100000,25.600000,Drăgăneşti-Vlaşca
100678987,2490,44.170000,24.530000,Drăgăneşti-Olt
100678997,2470,46.620000,22.380000,Drăgăneşti
100678999,2465,45.780000,27.470000,Drăgăneşti
100679002,2467,44.820000,26.300000,Drăgăneşti
100679011,2492,44.430000,27.320000,Dragalina
100679023,2500,44.220000,24.980000,Drăcşani
100679034,2464,43.920000,28.580000,23 August
100679046,2461,47.300000,23.880000,Chiuiești
100679061,2479,47.850000,22.820000,Dorolţ
100679065,2478,47.950000,26.400000,Dorohoi
100679074,2492,44.220000,26.950000,Dorobanţu
100679084,2481,47.870000,26.020000,Dorneşti
100679089,2481,47.350000,25.250000,Dorna Candrenilor
100679092,2481,47.338019,25.415924,Dorna-Arini
100679095,2492,44.450000,26.920000,Dor Mărunt
100679112,2502,44.380000,25.920000,Domneşti-Sârbi
100679118,2473,45.200000,24.830000,Domneşti
100679133,2483,47.030000,26.980000,Doljeşti
100679142,2467,46.870000,27.900000,Dolheşti
100679146,2481,47.430000,26.600000,Dolhasca
100679156,2487,44.980000,25.400000,Doiceşti
100679160,2489,45.270000,21.760000,Dognecea
100679167,2471,46.320000,26.520000,Dofteana
100679171,2468,45.150000,25.800000,Doftana
100679191,2490,44.270000,24.220000,Dobrun
100679202,2500,44.280000,24.880000,Dobroteşti
100679213,2490,44.180000,24.370000,Dobrosloveni
100679220,2502,44.450000,26.180000,Dobroeşti
100679248,2470,46.850000,22.300000,Dobreşti
100679255,2463,43.970000,23.950000,Dobreşti
100679257,2483,46.980000,26.420000,Dobreni
100679258,2500,44.420000,25.120000,Dobreni
100679267,2493,45.920000,22.570000,Dobra
100679269,2484,44.780000,25.720000,Dobra
100679279,2478,47.820000,27.070000,Dobârceni
100679294,2479,47.730000,22.720000,Doba
100679310,2501,46.820000,25.520000,Ditrău
100679320,2484,44.200000,23.050000,Dârvari
100679324,2474,46.180000,24.400000,Dârlos
100679335,2463,44.120000,24.180000,Dioşti
100679340,2470,47.300000,22.000000,Diosig
100679351,2478,47.850000,26.970000,Dângeni
100679372,2491,46.510000,28.050000,Dimitrie Cantemir
100679417,2472,46.320000,22.250000,Dieci
100679443,2472,46.400000,22.250000,Dezna
100679448,2490,44.070000,24.380000,Deveselu
100679450,2484,44.470000,22.670000,Devesel
100679452,2493,45.880000,22.900000,Deva
100679456,2462,45.390000,21.220000,Deta
100679464,2463,43.870000,23.030000,Desa
100679467,2478,47.980000,26.200000,Dersca
100679471,2470,47.200000,22.300000,Derna
100679477,2462,45.350000,21.250000,Denta
100679499,2491,46.700000,27.550000,Deleşti
100679518,2467,47.470000,26.880000,Deleni
100679550,2461,47.150000,23.870000,Dej
100679564,2475,46.930000,24.900000,Deda
100679604,2471,46.320000,27.230000,Dealu Morii
100679686,2501,46.400000,25.300000,Dealu
100679701,2473,45.020000,25.030000,Davideşti
100679714,2462,45.630000,21.770000,Darova Nouă
100679723,2481,47.730000,26.150000,Dărmăneşti
100679724,2471,46.370000,26.480000,Dărmăneşti
100679725,2473,45.020000,24.900000,Dărmăneşti
100679726,2487,44.920000,25.780000,Dărmăneşti
100679732,2502,44.310000,26.020000,Dărăşti-Ilfov
100679736,2478,48.180000,26.580000,Darabani
100679749,2463,43.980000,24.050000,Daneți
100679758,2501,46.520000,25.750000,Dăneşti
100679760,2485,44.970000,23.330000,Dăneşti
100679763,2475,46.220000,24.700000,Daneş
100679765,2490,44.150000,24.570000,Dăneasa
100679769,2485,44.730000,23.750000,Dănciuleşti
100679779,2483,46.800000,25.900000,Dămuc
100679780,2471,46.466217,26.877725,Valea Seacă
100679812,2495,46.020000,23.670000,Daia Română
100679822,2494,44.000000,25.980000,Daia
100679828,2480,44.970000,24.130000,Dăeşti
100679841,2463,43.800000,24.080000,Dăbuleni
100679858,2469,44.270000,27.270000,Cuza Vodă
100679886,2461,47.170000,23.920000,Cusdrioara
100679898,2490,44.500000,24.330000,Curtişoara
100679901,2472,46.350000,21.300000,Curtici
100679902,2478,47.720000,26.650000,Curteşti
100679907,2473,45.130000,24.680000,Curtea de Argeş
100679936,2492,44.200000,26.580000,Curcani
100679951,2476,47.550000,23.930000,Cupşeni
100679968,2464,44.120000,28.570000,Cumpăna
100679972,2479,47.770000,23.030000,Culciu Mic
100679979,2484,44.210000,22.930000,Cujmir
100679995,2495,45.830000,23.370000,Cugir
100680003,2465,45.780000,27.700000,Cudalbi
100680067,2485,44.630000,23.670000,Cruşeţ
100680092,2464,44.530000,28.230000,Crucea
100680122,2466,45.580000,25.980000,Crivina
100680148,2501,46.280000,25.030000,Cristuru Secuiesc
100680158,2472,46.430000,22.530000,Criştioru de Jos
100680161,2478,48.100000,26.380000,Cristineşti
100680166,2474,45.780000,24.030000,Cristian
100680167,2466,45.620000,25.470000,Cristian
100680176,2478,47.630000,26.730000,Cristeşti
100680177,2467,47.270000,26.570000,Cristeşti
100680180,2475,46.500000,24.480000,Cristeşti
100680198,2493,46.120000,22.870000,Crişcior
100680212,2487,44.770000,25.230000,Crângurile de Sus
100680229,2500,44.030000,24.780000,Crîngeni
100680252,2500,44.240000,25.590000,Crevenicu
100680256,2494,44.430000,25.630000,Crevedia Mare
100680262,2487,44.600000,25.930000,Crevedia
100680298,2496,47.200000,23.250000,Creaca
100680316,2496,47.170000,22.900000,Crasna
100680319,2485,45.170000,23.500000,Crasna
100680332,2463,44.320000,23.800000,Craiova
100680368,2475,46.480000,24.580000,Crăciuneşti
100680373,2495,46.180000,23.830000,Crăciunelu de Jos
100680392,2467,46.880000,27.980000,Cozmeşti
100680430,2497,45.850000,26.180000,Covasna
100680440,2478,48.130000,26.850000,Coţuşca
100680485,2471,46.150000,26.980000,Coţofăneşti
100680491,2467,47.350000,26.980000,Cotnari
100680509,2482,45.650000,27.050000,Coteşti
100680520,2490,44.300000,24.470000,Coteana
100680531,2467,47.030000,27.850000,Costuleni
100680541,2483,46.750000,26.650000,Costişa
100680560,2487,44.650000,25.480000,Costeştii din Vale
100680571,2491,46.500000,27.750000,Costeşti
100680576,2480,45.150000,24.070000,Costeşti
100680577,2477,45.050000,26.770000,Costeşti
100680581,2473,44.670000,24.880000,Costeşti
100680591,2462,45.740000,21.850000,Coşteiu
100680601,2463,44.250000,23.930000,Coşoveni
100680623,2465,45.880000,27.300000,Cosmeşti
100680624,2500,44.300000,25.380000,Cosmeşti
100680645,2473,45.070000,24.870000,Coşeşti
100680649,2499,44.680000,26.570000,Coşereni
100680660,2488,47.370000,24.400000,Coşbuc
100680674,2501,46.470000,25.180000,Corund
100680708,2465,45.900000,27.620000,Corod
100680720,2481,47.470000,26.150000,Cornu Luncii
100680721,2468,45.170000,25.700000,Cornu de Sus
100680742,2481,47.650000,26.580000,Corni
100680754,2502,44.340000,25.940000,Cornetu
100680783,2487,44.780000,25.870000,Corneşti
100680786,2489,45.070000,22.420000,Cornereva
100680806,2488,47.370000,24.680000,Cormaia
100680815,2478,47.930000,26.550000,Corlăteni
100680821,2484,44.400000,22.930000,Corlăţel
100680831,2483,46.950000,26.870000,Cordun
100680841,2484,44.700000,23.050000,Corcova
100680870,2464,44.380000,28.650000,Corbu
100680876,2487,44.550000,25.500000,Corbii Mari
100680880,2466,45.280000,24.800000,Corbi
100680888,2473,45.300000,24.650000,Corbeni
100680890,2460,44.600000,26.050000,Corbeanca
100680894,2471,46.280000,27.170000,Corbasca
100680897,2490,43.780000,24.500000,Corabia
100680901,2474,46.120000,24.250000,Copşa Mică
100680907,2476,47.500000,23.680000,Copalnic Mănăştur
100680911,2478,47.620000,26.830000,Copălău
100680929,2480,45.000000,23.980000,Copăceni
100680955,2500,43.800000,25.480000,Conţeşti
100680961,2489,45.550000,22.150000,Constantin Daicoviciu
100680963,2464,44.180000,28.650000,Constanţa
100680992,2462,45.890000,20.630000,Comloşu Mare
100680998,2487,44.880000,25.580000,Comişani
100681005,2468,45.250000,25.630000,Comarnic
100681006,2467,47.050000,27.780000,Comarna
100681017,2471,46.420000,26.430000,Comăneşti
100681036,2494,44.170000,26.150000,Comana
100681112,2494,44.200000,26.190000,Colibaşi
100681125,2468,44.950000,26.350000,Colceag
100681140,2461,46.750000,23.830000,Cojocna
100681151,2487,44.720000,25.850000,Cojasca
100681160,2464,44.550000,28.570000,Cogealac
100681179,2466,45.700000,25.450000,Codlea
100681183,2491,46.870000,27.750000,Codăeşti
100681198,2468,45.080000,25.930000,Cocorăștii Mislii
100681206,2499,44.730000,27.050000,Cocora
100681214,2470,46.730000,22.000000,Cociuba Mare
100681228,2477,45.220000,27.030000,Cochirleanca
100681257,2464,44.080000,28.220000,Cobadin
100681280,2467,47.380000,27.100000,Coarnele Caprei
100681290,2461,46.770000,23.600000,Cluj-Napoca
100681327,2502,44.370000,25.950000,Clinceni
100681338,2494,44.320000,25.700000,Clejani
100681340,2471,46.420000,26.900000,Cleja
100681384,2467,47.050000,27.570000,Ciurea
100681397,2463,43.910000,22.950000,Ciupercenii Noi
100681430,2470,46.730000,21.580000,Ciumeghiu
100681436,2501,46.680000,25.520000,Ciumani
100681480,2501,46.320000,25.950000,Ciucsângeorgiu
100681483,2489,44.940000,21.610000,Ciuchici
100681486,2461,46.950000,22.820000,Ciucea
100681494,2500,44.230000,25.650000,Merenii de Jos
100681502,2474,45.720000,24.150000,Cisnădie
100681510,2477,45.250000,26.370000,Cislău
100681523,2501,46.530000,25.750000,Cârța
100681549,2490,44.520000,24.150000,Cârlogani
100681559,2482,45.680000,27.100000,Cârligele
100681596,2484,44.950000,27.350000,Cireşu
100681597,2484,44.820000,22.540000,Cireşu
100681624,2481,47.570000,26.070000,Ciprian Porumbescu
100681634,2467,46.900000,27.830000,Ciorteşti
100681648,2502,44.440000,25.880000,Ciorogârla
100681664,2465,45.430000,27.300000,Ciorăşti
100681669,2468,44.820000,26.420000,Cioranii de Jos
100681691,2502,44.730000,26.080000,Ciolpani
100681721,2464,44.100000,28.280000,Ciocîrlia
100681725,2469,44.820000,27.230000,Ciocile
100681728,2499,44.580000,27.070000,Ciochina
100681747,2473,44.600000,25.850000,Ciocăneşti
100681748,2492,44.200000,27.070000,Ciocăneşti
100681775,2464,44.730000,27.970000,Ciobanu
100681833,2482,46.020000,26.780000,Câmpuri
100681845,2481,47.530000,25.570000,Câmpulung Moldovenesc
100681865,2461,46.550000,23.880000,Câmpia Turzii
100681876,2495,46.370000,23.050000,Câmpeni
100681902,2495,45.880000,23.670000,Câlnic
100681908,2490,43.900000,24.620000,Cilieni
100681920,2480,45.480000,24.300000,Câinenii Mici
100681938,2489,45.010000,21.720000,Ciclova-Română
100681951,2488,47.250000,24.020000,Ciceu-Giurgeşti
100681971,2462,45.510000,21.130000,Ciacova
100681990,2502,44.510000,25.980000,Chitila
100682003,2470,47.280000,22.230000,Chişlaz
100682009,2472,46.530000,21.520000,Chişineu Criş
100682011,2472,46.280000,22.100000,Chisindia
100682014,2492,44.180000,26.850000,Chiselet
100682020,2469,45.180000,27.930000,Chiscani
100682036,2492,44.120000,26.570000,Chirnogi
100682038,2464,43.900000,28.230000,Chirnogeni
100682076,2477,45.350000,26.200000,Chiojdu
100682085,2488,46.980000,24.180000,Chiochiş
100682093,2461,46.870000,23.530000,Chinteni
100682117,2486,45.420000,29.280000,Chilia Veche
100682159,2502,44.460000,25.970000,Chiajna
100682171,2475,46.470000,24.030000,Cheţani
100682252,2487,45.200000,25.180000,Cetăţeni
100682268,2463,44.100000,23.050000,Cetate
100682270,2470,47.130000,22.020000,Cetariu
100682278,2500,43.830000,25.470000,Cervenia
100682282,2479,47.900000,23.470000,Certeze
100682287,2493,45.970000,22.970000,Certeju de Sus
100682298,2480,45.030000,23.980000,Cernişoara
100682301,2460,44.420000,26.280000,Cernica
100682313,2476,47.520000,23.750000,Cerneşti
100682321,2499,44.370000,28.020000,Cernavodă
100682328,2477,45.270000,26.770000,Cernăteşti
100682331,2497,45.950000,26.030000,Cernat
100682347,2486,45.080000,28.320000,Cerna
100682350,2472,46.550000,21.850000,Cermei
100682396,2463,44.070000,23.670000,Cerăt
100682399,2468,45.320000,26.030000,Ceraşu
100682403,2468,45.020000,26.320000,Ceptura de Sus
100682407,2467,47.380000,27.020000,Cepleniţa
100682423,2462,45.720000,20.900000,Cenei
100682428,2462,46.130000,20.580000,Cenad
100682436,2463,44.050000,24.130000,Celaru
100682440,2470,46.850000,22.180000,Ceica
100682452,2470,46.920000,21.730000,Cefa
100682473,2461,46.670000,23.950000,Ceanu Mare
100682499,2484,44.720000,22.890000,Căzăneşti
100682501,2499,44.620000,27.020000,Căzăneşti
100682508,2476,47.670000,23.870000,Cavnic
100682511,2465,46.070000,28.020000,Cavadineşti
100682549,2477,45.300000,26.250000,Cătina
100682560,2473,44.770000,25.080000,Căteasca
100682579,2497,45.970000,26.150000,Catalina
100682586,2463,44.120000,24.020000,Castranova
100682589,2464,44.250000,28.330000,Castelu
100682604,2471,46.200000,26.750000,Caşin
100682606,2486,44.730000,28.370000,Casimcea
100682614,2461,47.180000,23.870000,Căşeiu
100682619,2492,44.130000,26.470000,Căscioarele
100682660,2462,45.790000,20.900000,Cărpiniş
100682664,2470,46.450000,22.480000,Cărpinet
100682672,2463,44.330000,23.250000,Carpen
100682685,2479,47.680000,22.470000,Carei
100682691,2486,45.180000,28.150000,Carcaliu
100682700,2489,44.830000,21.740000,Cărbunari
100682716,2489,45.200000,21.870000,Caraşova
100682729,2489,45.420000,22.220000,Caransebeş
100682734,2472,46.450000,22.080000,Cărand
100682747,2490,44.120000,24.350000,Caracal
100682750,2461,46.780000,23.300000,Căpuşu Mare
100682800,2479,47.720000,22.500000,Căpleni
100682866,2461,46.780000,24.130000,Cămăraşu
100682873,2477,45.250000,26.300000,Calvini
100682912,2494,44.170000,26.000000,Călugăreni
100682937,2479,47.900000,23.300000,Călineşti-Oaş
100682953,2476,47.780000,23.980000,Călineşti
100682958,2473,44.820000,25.050000,Călineşti
100682960,2500,44.080000,25.230000,Călineşti
100682972,2480,45.230000,24.330000,Călimăneşti
100682997,2473,44.450000,24.950000,Căldăraru
100683004,2461,46.770000,23.020000,Călăţele
100683020,2478,47.620000,27.270000,Călăraşi
100683022,2492,44.200000,27.330000,Călăraşi
100683023,2463,43.800000,24.050000,Călăraşi
100683030,2493,45.730000,22.980000,Călan
100683033,2481,47.850000,26.120000,Calafindeşti
100683034,2463,43.990000,22.930000,Calafat
100683041,2481,47.700000,25.970000,Cajvana
100683042,2471,46.180000,26.930000,Căiuți
100683050,2488,47.230000,24.150000,Căianu Mic
100683084,2481,47.630000,25.900000,Cacica
100683100,2473,44.580000,24.920000,Buzoeşti
100683105,2462,45.650000,21.600000,Buziaş
100683111,2500,44.020000,25.230000,Buzescu
100683123,2477,45.150000,26.830000,Buzău
100683132,2494,44.370000,25.840000,Buturugeni
100683146,2484,44.580000,23.370000,Butoieşti
100683160,2472,46.320000,22.120000,Buteni
100683166,2467,47.070000,26.920000,Butea
100683178,2485,44.970000,23.730000,Bustuchin
100683179,2468,45.400000,25.530000,Buşteni
100683202,2477,45.320000,26.350000,Pătârlagele
100683226,2484,44.450000,22.570000,Burila Mare
100683252,2470,46.620000,22.470000,Bunteşti
100683268,2481,47.520000,26.280000,Buneşti-Regat
100683278,2491,46.830000,27.970000,Buneşti
100683294,2485,45.170000,23.400000,Bumbeşti-Jiu
100683328,2494,44.280000,25.800000,Bulbucata
100683346,2480,45.130000,24.350000,Bujoreni
100683352,2465,45.870000,27.900000,Târgu Bujor
100683365,2471,46.720000,26.700000,Buhuşi
100683367,2471,46.570000,27.020000,Buhoci
100683386,2473,45.270000,25.000000,Bughea de Jos
100683394,2502,44.560000,25.950000,Buftea
100683422,2466,45.670000,25.800000,Budila
100683434,2476,47.730000,23.950000,Budeşti
100683445,2480,45.050000,24.380000,Budeşti
100683447,2492,44.230000,26.470000,Budeşti
100683455,2473,44.950000,24.850000,Budeasa Mică
100683469,2488,47.080000,24.520000,Budacu de Jos
100683496,2477,45.500000,26.900000,Buda
100683506,2460,44.430000,26.100000,Bucharest
100683517,2499,44.610000,27.490000,Bucu
100683528,2487,44.870000,25.650000,Bucşani
100683530,2494,44.380000,25.660000,Bucşani
100683535,2478,47.850000,26.330000,Bucovineni
100683543,2463,44.300000,23.750000,Bucovăţ
100683547,2468,44.970000,26.080000,Bucov
100683550,2489,45.300000,22.270000,Bucoşniţa
100683553,2493,45.580000,22.970000,Bucium-Orlea
100683559,2496,47.030000,23.070000,Buciumi
100683566,2487,45.150000,25.450000,Buciumeni
100683602,2478,47.770000,26.430000,Bucecea
100683607,2471,46.520000,26.200000,Brusturoasa
100683612,2483,47.280000,26.380000,Brusturi
100683614,2470,47.150000,22.250000,Brusturi
100683637,2478,47.230000,25.700000,Broşteni
100683646,2484,44.760000,22.980000,Broşteni
100683656,2478,47.950000,26.450000,Broscăuţi
100683662,2481,47.880000,25.420000,Brodina
100683679,2490,44.320000,24.300000,Brâncoveni
100683685,2500,43.880000,25.400000,Brânceni
100683695,2480,45.350000,24.250000,Brezoi
100683697,2487,44.580000,25.730000,Brezoaele
100683701,2484,44.670000,22.620000,Brezniţa Ocol
100683716,2497,46.050000,26.300000,Breţcu
100683725,2468,45.180000,25.770000,Brebu Mânăstirei
100683739,2490,44.370000,24.450000,Brebeni
100683760,2468,45.180000,25.670000,Breaza
100683761,2477,45.100000,26.530000,Breaza
100683764,2463,44.330000,23.680000,Breasta
100683765,2468,44.870000,26.020000,Brazii de Sus
100683769,2472,46.230000,22.330000,Brazii
100683770,2499,44.770000,26.350000,Brazii
100683791,2463,44.130000,23.900000,Bratoveşti
100683832,2474,46.170000,24.420000,Brateiu
100683837,2470,46.930000,22.620000,Bratca
100683844,2466,45.650000,25.610000,Braşov
100683859,2488,47.170000,24.070000,Braniştea
100683861,2465,45.450000,27.850000,Braniştea
100683863,2487,44.680000,25.580000,Braniştea
100683884,2487,45.030000,25.420000,Brăneşti
100683886,2502,44.450000,26.330000,Brăneşti
100683890,2466,45.520000,25.350000,Bran
100683893,2463,44.500000,23.520000,Braloştiţa
100683902,2469,45.270000,27.980000,Brăila
100683908,2465,46.030000,27.370000,Brăhășești
100683914,2502,44.370000,25.980000,Bragadiru
100683915,2500,43.770000,25.520000,Bragadiru
100683921,2467,47.150000,27.100000,Brăeşti
100683924,2497,46.130000,25.620000,Brăduţ
100683933,2473,44.780000,24.900000,Bradu
100683959,2501,46.350000,25.350000,Brădeşti
100683961,2463,44.480000,23.630000,Brădeşti
100683965,2477,44.930000,26.850000,Brădeanu
100683974,2493,46.130000,22.780000,Brad
100683985,2489,44.940000,22.000000,Bozovici
100684000,2483,46.830000,27.150000,Bozieni
100684039,2478,47.750000,26.670000,Botoşani
100684041,2481,47.680000,25.950000,Botoşana
100684045,2500,44.150000,25.540000,Botoroaga
100684054,2476,47.670000,24.150000,Botiza
100684056,2479,47.830000,22.950000,Botiz
100684083,2473,45.180000,25.120000,Boteni
100684116,2481,47.580000,26.320000,Bosanci
100684143,2501,46.950000,25.570000,Borsec
100684156,2476,47.650000,24.670000,Borşa
100684161,2470,47.120000,21.820000,Borş
100684170,2497,45.820000,26.000000,Boroşneu Mare
100684179,2470,46.980000,22.630000,Borod
100684183,2481,47.350000,26.330000,Boroaia
100684190,2483,46.770000,26.480000,Borleşti
100684203,2499,44.480000,27.900000,Borduşani
100684216,2469,45.080000,27.570000,Bordei Verde
100684226,2492,44.330000,27.750000,Borcea
100684230,2483,47.180000,25.770000,Borca
100684232,2485,44.700000,23.280000,Borăscu
100684262,2482,45.830000,27.070000,Boloteşti
100684266,2494,44.450000,25.760000,Bolintin Vale
100684269,2494,44.460000,25.820000,Bolintin Deal
100684280,2468,45.030000,26.030000,Boldeşti-Scăeni
100684291,2485,44.750000,23.220000,Bolboşi
100684381,2476,47.700000,24.270000,Bogdan Vodă
100684391,2481,47.370000,26.280000,Bogdăneşti
100684399,2471,46.220000,26.680000,Bogdăneşti
100684406,2479,47.420000,22.930000,Bogdand
100684415,2500,43.930000,25.080000,Bogdana
100684423,2473,44.870000,25.130000,Bogaţi
100684461,2483,47.030000,26.420000,Bodeşti
100684477,2466,45.770000,25.650000,Bod
100684481,2472,46.420000,21.950000,Bocsig
100684489,2496,47.300000,22.920000,Bocşa
100684490,2489,45.370000,21.710000,Bocşa
100684496,2476,47.970000,24.000000,Bocicoiu Mare
100684516,2496,47.380000,22.770000,Bobota
100684535,2490,44.380000,24.150000,Bobiceşti
100684569,2495,46.300000,23.130000,Blideşti
100684583,2468,45.000000,26.020000,Blejoi
100684585,2500,44.300000,25.470000,Blejeşti
100684612,2495,46.180000,23.920000,Blaj
100684619,2471,46.680000,26.650000,Blăgeşti
100684620,2491,46.140000,28.010000,Blăgeşti
100684630,2479,47.930000,23.400000,Bixad
100684635,2467,47.530000,27.430000,Bivolari
100684657,2488,47.130000,24.480000,Bistriţa
100684666,2463,43.900000,23.500000,Bistrețu Nou
100684677,2476,47.870000,24.200000,Bistra
100684680,2495,46.380000,23.100000,Bistra
100684683,2477,45.530000,26.700000,Bisoca
100684726,2472,46.120000,21.980000,Bârzava
100684770,2476,47.820000,24.070000,Bârsana
100684774,2472,46.380000,22.070000,Bârsa
100684778,2467,47.070000,27.620000,Bârnova
100684802,2491,46.230000,27.670000,Bârlad
100684805,2473,44.430000,24.770000,Bârla
100684830,2463,43.970000,23.620000,Bârca
100684834,2483,47.030000,27.050000,Bîra
100684842,2484,44.800000,22.680000,Bâlvăneşti
100684855,2462,45.890000,20.960000,Biled
100684866,2481,47.920000,25.750000,Bilca
100684870,2501,47.050000,25.520000,Bilbor
100684882,2470,47.150000,21.920000,Biharea
100684888,2474,46.130000,24.520000,Biertan
100684913,2483,46.850000,25.930000,Bicazu Ardelean
100684915,2483,46.820000,25.880000,Bicaz Chei
100684924,2483,46.920000,26.070000,Bicaz
100684948,2487,45.150000,25.520000,Bezdead
100684956,2462,45.830000,21.950000,Bethausen
100684970,2471,46.400000,26.630000,Berzunţi
100684972,2489,45.430000,21.630000,Berzovia
100684980,2479,47.750000,22.470000,Berveni
100684983,2469,44.830000,27.750000,Berteştii de Jos
100684985,2468,45.230000,25.870000,Bertea
100684987,2489,44.990000,21.460000,Berlişte
100684995,2493,45.780000,23.180000,Beriu
100684997,2480,45.250000,24.420000,Berislăveşti
100685018,2491,46.380000,28.150000,Berezeni
100685021,2473,45.230000,24.920000,Berevoeşti
100685025,2471,46.470000,26.670000,Bereşti-Tazlău
100685026,2465,46.100000,27.880000,Bereşti
100685031,2471,46.720000,26.830000,Bereşti-Bistriţa
100685076,2468,44.930000,26.120000,Berceni
100685078,2502,44.310000,26.190000,Berceni
100685080,2493,45.657379,23.014249,Bretea Română
100685081,2477,45.280000,26.680000,Berca
100685088,2480,44.980000,23.880000,Berbeşti
100685099,2485,45.070000,23.600000,Bengeşti
100685121,2479,47.550000,22.850000,Beltiug
100685129,2472,46.480000,21.980000,Beliu
100685135,2462,45.760000,21.760000,Belinţ
100685163,2467,47.300000,27.080000,Belceşti
100685174,2470,46.670000,22.350000,Beiuş
100685204,2488,47.180000,24.180000,Beclean
100685211,2462,45.830000,21.050000,Becicherecu Mic
100685218,2463,43.770000,23.950000,Bechet
100685223,2477,45.380000,26.780000,Beceni
100685225,2475,46.430000,24.830000,Becaş
100685233,2474,46.200000,24.280000,Bazna
100685245,2489,45.520000,22.570000,Băuţar
100685259,2475,46.880000,24.670000,Batoş
100685277,2479,48.030000,23.170000,Bătarci
100685279,2470,46.700000,21.820000,Batăr
100685281,2497,46.080000,25.680000,Băţanii Mari
100685287,2472,46.020000,22.030000,Bata
100685305,2473,44.900000,24.820000,Başcov
100685319,2493,45.470000,23.150000,Baru
100685337,2483,46.980000,26.630000,Bârgăuani
100685346,2465,45.750000,27.470000,Barcea
100685350,2497,45.700000,26.080000,Barcani
100685353,2483,46.720000,26.580000,Bărcăneşti
100685354,2468,44.880000,26.050000,Bărcăneşti
100685356,2499,44.630000,26.650000,Bărcăneşti
100685366,2487,45.130000,25.300000,Bărbuleţu
100685384,2480,45.180000,24.120000,Bărbăteşti
100685419,2497,46.080000,25.600000,Baraolt
100685429,2469,44.800000,27.520000,Bărăganul
100685445,2462,45.380000,21.140000,Banloc
100685457,2489,44.900000,22.040000,Bănia
100685462,2468,45.100000,25.770000,Băneşti
100685476,2464,44.070000,27.700000,Băneasa
100685477,2494,44.050000,26.060000,Băneasa
100685481,2475,46.580000,24.380000,Band
100685490,2491,46.300000,27.800000,Banca
100685506,2478,47.670000,26.800000,Băluşeni
100685547,2467,47.220000,27.150000,Bălţaţi
100685551,2483,47.120000,26.300000,Bălţăteşti
100685570,2460,44.750000,26.170000,Balta Doamnei
100685579,2484,44.890000,22.640000,Balta
100685586,2490,44.350000,24.100000,Balş
100685590,2502,44.620000,26.120000,Baloteşti
100685620,2473,45.070000,24.930000,Bălileşti
100685628,2485,45.020000,23.220000,Băleşti
100685630,2487,44.820000,25.630000,Băleni Sîrbi
100685637,2465,45.820000,27.830000,Băleni
100685643,2490,44.380000,24.050000,Baldovineşti
100685657,2480,44.620000,23.950000,Bălceşti
100685659,2481,47.900000,26.080000,Bălcăuţi
100685662,2471,46.630000,26.550000,Balcani
100685665,2470,47.280000,22.530000,Balc
100685667,2475,46.400000,24.680000,Bălăuşeri
100685706,2496,47.150000,23.330000,Bălan
100685707,2501,46.650000,25.820000,Bălan
100685714,2499,44.630000,26.880000,Balaciu
100685720,2484,44.380000,23.130000,Bălăciţa
100685745,2484,44.880000,22.830000,Bala
100685770,2493,46.030000,22.900000,Băiţa
100685785,2463,44.020000,23.350000,Băileşti
100685789,2480,45.200000,24.230000,Băile Olăneşti
100685796,2489,44.880000,22.410000,Băile Herculane
100685797,2480,45.080000,24.180000,Băile Govora
100685810,2473,45.070000,24.700000,Băiculeşti
100685811,2468,45.030000,25.850000,Băicoi
100685823,2476,47.670000,23.700000,Baia-Sprie
100685826,2476,47.660000,23.570000,Baia Mare
100685830,2485,45.170000,23.770000,Baia de Fier
100685832,2493,46.170000,22.720000,Baia de Criş
100685834,2495,46.380000,23.280000,Baia de Arieş
100685841,2481,47.420000,26.220000,Baia
100685843,2486,44.720000,28.670000,Baia
100685850,2475,46.370000,24.480000,Bahnea
100685858,2483,46.780000,26.780000,Bahna
100685927,2461,46.800000,23.520000,Baciu
100685934,2491,46.850000,27.230000,Băceşti
100685948,2471,46.570000,26.900000,Bacău
100685952,2491,46.330000,27.670000,Băcani
100685971,2477,45.320000,26.380000,Pănătău
100685981,2480,44.970000,24.230000,Băbeni
100685991,2473,44.900000,24.700000,Băbana
100685994,2500,44.170000,25.380000,Băbăiţa
100685997,2486,44.900000,28.720000,Babadag
100686000,2468,44.970000,26.450000,Baba Ana
100686003,2468,45.450000,25.550000,Azuga
100686006,2499,44.600000,26.780000,Axintele
100686008,2474,46.100000,24.220000,Axente Sever
100686011,2474,45.720000,24.380000,Avrig
100686028,2478,48.020000,26.950000,Avrămeni
100686035,2470,47.030000,22.500000,Auşeu
100686059,2501,46.450000,25.050000,Atid
100686065,2474,46.150000,24.470000,Aţel
100686076,2470,47.030000,22.380000,Aştileu
100686090,2471,46.430000,26.400000,Asău
100686113,2491,46.810000,28.020000,Arsura
100686126,2474,45.780000,24.620000,Arpaşu de Jos
100686131,2467,47.200000,27.600000,Aroneanu
100686145,2499,44.750000,26.580000,Armăşeşti
100686175,2468,44.950000,25.830000,Ariceştii-Rahtivani
100686186,2463,44.520000,23.370000,Argetoaia
100686200,2473,45.330000,24.600000,Arefu
100686206,2479,47.630000,22.880000,Ardud
100686226,2472,46.480000,22.050000,Archiş
100686239,2481,47.730000,25.930000,Arbore
100686254,2472,46.180000,21.320000,Arad
100686272,2475,46.120000,24.820000,Apold
100686279,2472,46.620000,21.780000,Apateu
100686281,2466,45.950000,25.520000,Apaţa
100686288,2461,46.820000,23.750000,Apahida
100686294,2479,47.770000,23.200000,Apa
100686315,2493,45.400000,23.330000,Aninoasa
100686316,2473,45.180000,24.930000,Aninoasa
100686317,2487,44.970000,25.430000,Aninoasa
100686319,2485,44.750000,23.480000,Aninoasa
100686324,2489,45.080000,21.860000,Anina
100686341,2467,47.530000,27.280000,Andrieşeni
100686380,2477,44.930000,26.580000,Amaru
100686384,2463,43.980000,24.150000,Amărăştii de Sus
100686386,2463,43.950000,24.170000,Amărăştii de Jos
100686399,2499,44.620000,27.320000,Amara
100686402,2480,45.020000,23.820000,Alunu
100686420,2468,46.900000,24.820000,Aluniş
100686423,2487,45.200000,25.870000,Aluniş
100686449,2496,46.950000,23.130000,Almaşu
100686458,2472,46.280000,22.230000,Almaş
100686463,2463,44.450000,23.720000,Almăj
100686477,2464,44.180000,27.850000,Aliman
100686489,2491,46.420000,27.630000,Alexandru Vlăhuţă
100686493,2492,44.270000,27.080000,Alexandru Odobescu
100686495,2467,47.130000,26.850000,Alexandru Ioan Cuza
100686502,2500,43.980000,25.330000,Alexandria
100686507,2470,47.070000,22.420000,Aleşd
100686524,2473,44.770000,24.830000,Albota de Jos
100686542,2468,44.950000,26.220000,Albeşti-Paleologu
100686544,2473,45.220000,24.670000,Albeștii Ungureni
100686556,2478,47.700000,27.070000,Albeşti
100686560,2491,46.500000,27.870000,Albeşti
100686561,2475,46.230000,24.850000,Albeşti
100686562,2473,45.320000,25.000000,Albeşti
100686565,2499,44.530000,27.130000,Albeşti
100686568,2464,43.800000,28.420000,Albeşti
100686571,2485,45.030000,23.600000,Albeni
100686578,2495,46.070000,23.580000,Alba Iulia
100686590,2495,46.300000,23.720000,Aiud
100686616,2474,45.970000,24.620000,Agnita
100686626,2464,44.080000,28.620000,Agigea
100686627,2461,46.868265,23.272488,Aghireșu-Fabrici
100686636,2471,46.480000,26.220000,Agăş
100686638,2483,47.170000,26.280000,Agapia
100686648,2502,44.520000,26.270000,Afumaţi
100686649,2463,44.000000,23.470000,Afumaţi
100686669,2482,46.100000,27.170000,Adjud
100686673,2481,47.730000,26.300000,Adîncata
100686674,2464,44.770000,26.430000,Adîncata
100686684,2475,46.300000,24.230000,Adămuş
100686705,2475,46.480000,24.630000,Acăţari
100686712,2495,46.270000,23.070000,Abrud
100686715,2470,47.320000,22.250000,Abrămuţ
100686716,2470,47.320000,22.380000,Abram
100856315,2460,44.290000,26.060000,1 Decembrie
100864945,2491,46.430000,28.210000,Vetrişoaia
